產品編號,序號(PK),步驟,原料編號,原料名稱,單位,原料用量,產品基數,附註,建檔日期
FA01C3041,FA01C3041-1,1,BA01F0804-1,杏仁香料 A-T46276,克,360.92,100,,
FA01C3041,FA01C3041-2,2,BA01A0103,葡萄糖,公斤,3.51,100,,
FA01C3041,FA01C3041-3,3,M201,----------仔細混合----------,次,,100,,
FA01C3041,FA01C3041-4,4,BA01B0301,二矽,克,318.93,100,,
FA01C3041,FA01C3041-5,5,M301,----------合計----------,公斤,3.72,100,,
FA01D1031,FA01D1031-1,1,BA01F0202-1,牛奶香料-MI2264,克,31.49,100,,
FA01D1031,FA01D1031-2,2,BA01G0201-1,10-黃Y#4,克,8.45,100,,
FA01D1031,FA01D1031-3,3,BA01G0202-5,10-FDA黃Y#5,克,4,100,,
FA01D1031,FA01D1031-4,4,M103,----------泡30分鐘----------,次,,100,,
FA01D1031,FA01D1031-5,5,BA01B0301,二矽,克,41.2,100,,
FA01D1031,FA01D1031-6,6,M201,----------仔細混合----------,次,,100,,
FA01D1031,FA01D1031-7,7,BA01A0103,葡萄糖-佳質,公斤,0.26,100,,
FA01D1031,FA01D1031-8,8,M301,----------合計----------,公斤,0.41,100,,
FA05A3011,FA05A3011-1,1,BA01F0106,巧克力香精-Y85S,克,583.34,100,,
FA05A3011,FA05A3011-2,2,BA01B0301,二矽,克,591.47,100,,
FA05A3011,FA05A3011-3,3,M201,----------仔細混合----------,次,,100,,
FA05A3011,FA05A3011-4,4,BA01A0103,葡萄糖-佳質,公斤,4.51,100,,
FA05A3011,FA05A3011-5,5,M301,----------合計----------,公斤,6.6,100,,
FA05B3011,FA05B3011-1,1,M001,香料-1,一,,100,,
FA05B3011,FA05B3011-2,2,BA01F0308,紅茶香料-TM 06,克,761.42,100,,
FA05B3011,FA05B3011-3,3,BA01B0301,二矽,克,905.78,100,,
FA05B3011,FA05B3011-4,4,M201,----------仔細混合----------,次,,100,,
FA05B3011,FA05B3011-5,5,BA01A0101-1,糖粉-1-佳質,公斤,6.97,100,,
FA05B3011,FA05B3011-6,6,M301,----------合計----------,公斤,7.2,100,,
FA05B3012,FA05B3012-1,1,M001,香料-1,一,,100,,
FA05B3012,FA05B3012-2,2,BA01F0301,紅茶料粉TY-11158,克,598.45,100,,
FA05C2011,FA05C2011-1,1,M001,香料-1,一,,100,,2025/03/24
FA05C2011,FA05C2011-2,2,BA01F0801,榛果香料-298828A,克,30.23,100,,
FA05C2011,FA05C2011-3,3,BA01B0301,二矽-佳質,克,40.3,100,,
FA05C2011,FA05C2011-4,4,M201,----------仔細混合----------,次,,100,,
FA05C2011,FA05C2011-5,5,BA01A0103,葡萄糖-佳質,公斤,0.29,100,,
FA05C2011,FA05C2011-6,6,M301,----------合計----------,公斤,0.39,100,,
FA05C2011,FA05C2011-7,7,M011,----------空白1,一,,100,,
FA05C2011,FA05C2011-8,8,M002,香料-2,一,,100,,
FA05C2011,FA05C2011-9,9,BA01G0001,PG,克,438.18,100,,
FA05C2011,FA05C2011-10,10,BA01G0201,100-黃Y#4,克,52.65,100,,
FA05C2011,FA05C2011-11,11,BA01G0301-1,10-藍B#1,克,16.19,100,,
FA05C2011,FA05C2011-12,12,M103,----------泡30分鐘----------,次,,100,,
FA05C2011,FA05C2011-13,13,BA01B0301-1,二矽-1-佳質,克,255.86,100,,
FA05C2011,FA05C2011-14,14,M202,----------仔細混合----------,次,,100,,
FA05C2011,FA05C2011-15,15,BA01A0103-1,葡萄糖-1-佳質,公斤,3.29,100,,
FA05C2011,FA05C2011-16,16,M302,----------合計----------,公斤,4.44,100,,
FA05C2011,FA05C2011-17,17,M012,----------空白2,一,,100,,
FA05C2011,FA05C2011-18,18,M021,膠類-1,一,,100,,
FA05C2011,FA05C2011-19,19,BA01B0205-1,關華豆膠S200,克,477.54,100,,
FA05C2011,FA05C2011-20,20,BA01B0209-1,脂肪酸甘油酯(乳化劑S),克,378.38,100,,
FA05C2011,FA05C2011-21,21,M303,----------合計----------,公斤,0.59,100,,
FA05C3011,FA05C3011-1,1,BA01F0209,椰奶香料307702W,克,341.22,100,,
FA05C3011,FA05C3011-2,2,BA01B0301,二矽,克,217.9,100,,
FA05C3011,FA05C3011-3,3,M201,----------仔細混合----------,次,,100,,
FA05C3011,FA05C3011-4,4,BA01A0103,葡萄糖,公斤,2.55,100,,
FA05C3011,FA05C3011-5,5,M301,----------合計----------,公斤,3.19,100,,
FA05C3011-5,FA05C3011-5-1,1,BA01F0209,椰奶香料307702W,克,70.81,100,,
FA05C3011-5,FA05C3011-5-2,2,BA01B0301,二矽,克,56.44,100,,
FA05C3011-5,FA05C3011-5-3,3,M201,----------仔細混合----------,次,,100,,
FA05C3011-5,FA05C3011-5-4,4,BA01A0103,葡萄糖,公斤,0.46,100,,
FA05C3011-5,FA05C3011-5-5,5,M301,----------合計----------,公斤,0.92,100,,
FA05C3031,FA05C3031-1,1,BA01F0804-1,杏仁香料 A-T46276,克,345.67,100,,
FA05C3031,FA05C3031-2,2,BA01A0103,葡萄糖,公斤,2.88,100,,
FA05C3031,FA05C3031-3,3,M201,----------仔細混合----------,次,,100,,
FA05C3031,FA05C3031-4,4,BA01B0301,二矽,克,262.9,100,,
FA05C3031,FA05C3031-5,5,M301,----------合計----------,公斤,4.19,100,,
FA05C3061,FA05C3061-1,1,BA01F0103,香草粉,公斤,2.92,100,,
FA05C3071,FA05C3071-1,1,M001,香料-1,一,,100,,
FA05C3071,FA05C3071-2,2,BA01F0111,阿華田香料TF-733,克,455.04,100,,
FA05C3071,FA05C3071-3,3,BA01B0301,二矽,克,636.69,100,,
FA05C3071,FA05C3071-4,4,M201,----------仔細混合----------,次,,100,,
FA05C3071,FA05C3071-5,5,BA01A0103,葡萄糖,公斤,4.91,100,,
FA05C3071,FA05C3071-6,6,M301,----------合計----------,公斤,5.47,100,,
FA05C3071,FA05C3071-7,7,M011,----------空白1,一,,100,,
FA05C3071,FA05C3071-8,8,M021,膠類-1,一,,100,,
FA05C3071,FA05C3071-9,9,BA01B0205-1,關華豆膠S200,克,201.91,100,,
FA05C3101,FA05C3101-1,1,BA01F0106,巧克力香精-Y85S,克,250.9,100,,
FA05C3101,FA05C3101-2,2,BA01B0301,二矽,克,262.18,100,,
FA05C3101,FA05C3101-3,3,M201,----------仔細混合----------,次,,100,,
FA05C3101,FA05C3101-4,4,BA01A0103,葡萄糖,公斤,2.79,100,,
FA05C3101,FA05C3101-5,5,M301,----------合計----------,公斤,2.78,100,,
FA05C3101,FA05C3101-6,6,M011,----------空白1,一,,100,,
FA05C3511,FA05C3511-1,1,M001,香料-1,一,,100,,
FA05C3511,FA05C3511-2,2,BA01F0103,香草粉,克,866.03,100,,
FA05C3511,FA05C3511-3,3,M301,----------合計----------,公斤,0.83,100,,
FA05C3511,FA05C3511-4,4,M011,----------空白1,一,,100,,
FA05C3511,FA05C3511-5,5,M002,香料-2,一,,100,,
FA05C3511,FA05C3511-6,6,BA01F0208,牛奶香料-810447THBH,克,148.87,100,,
FA05C3511,FA05C3511-7,7,BA01B0301,二矽-佳質,克,138.56,100,,
FA05C3511,FA05C3511-8,8,M201,----------仔細混合----------,次,,100,,
FA05C3511,FA05C3511-9,9,BA01A0103,葡萄糖,公斤,1.6,100,,
FA05C3511,FA05C3511-10,10,M302,----------合計----------,公斤,1.68,100,,
FA05C3511,FA05C3511-11,11,M012,----------空白2,一,,100,,
FA05C3511,FA05C3511-12,12,M003,香料-3,一,,100,,
FA05C3511,FA05C3511-13,13,BA01F0211,起司香料841246,克,78.35,100,,
FA05C3511,FA05C3511-14,14,BA01B0301-1,二矽-1-佳質,克,71.81,100,,
FA05C3511,FA05C3511-15,15,M202,----------仔細混合----------,次,,100,,
FA05C3511,FA05C3511-16,16,BA01A0103-1,葡萄糖-1-佳質,公斤,0.59,100,,
FA05C3511,FA05C3511-17,17,M303,----------合計----------,公斤,0.88,100,,
FA05C3511,FA05C3511-18,18,M013,----------空白3,一,,100,,
FA05C3511,FA05C3511-19,19,M021,膠類-1,一,,100,,
FA05C3511,FA05C3511-20,20,BA01B0209-1,脂肪酸甘油酯(乳化劑S),公斤,1.15,100,,
FA05C3511,FA05C3511-21,21,BA01B0205-1,關華豆膠S200,公斤,1.98,100,,
FA05C3511,FA05C3511-22,22,M304,----------合計----------,公斤,3.5,100,,
FA05C3521,FA05C3521-1,1,M001,香料-1,一,,100,,
FA05C3521,FA05C3521-2,2,BA01F0101,黑糖香料-052585,克,74.06,100,,
FA05C3521,FA05C3521-3,3,BA01F0102-1,楓糖香料 WGC041,克,112.95,100,,
FA05C3521,FA05C3521-4,4,BA01G0202,100-黃Y#5,克,44.96,100,,
FA05C3521,FA05C3521-5,5,M103,----------泡30分鐘----------,次,,100,,
FA05C3521,FA05C3521-6,6,BA01B0301,二矽-佳質,克,202.57,100,,
FA05C3521,FA05C3521-7,7,M201,----------仔細混合----------,次,,100,,
FA05C3521,FA05C3521-8,8,BA01A0103,葡萄糖-佳質,公斤,1.96,100,,
FA05C3521,FA05C3521-9,9,M301,----------合計----------,公斤,2.43,100,,
FA05C3521,FA05C3521-10,10,M011,----------空白1,一,,100,,
FA05C3521,FA05C3521-11,11,M002,香料-2,一,,100,,
FA05C3521,FA05C3521-12,12,BA01F0208,牛奶香料-810447THBH,克,190.64,100,,
FA05C3521,FA05C3521-13,13,BA01F0205,鮮奶香料-94834/10X,克,58.83,100,,
FA05C3521,FA05C3521-14,14,BA01G0001,PG,克,422.72,100,,
FA05C3521,FA05C3521-15,15,BA01G0201,100-黃Y#4,克,94.12,100,,
FA05C3521,FA05C3521-16,16,M103-1,----------泡30分鐘----------,次,,100,,
FA05C3521,FA05C3521-17,17,BA01B0301-1,二矽-1-佳質,克,474.08,100,,
FA05C3521,FA05C3521-18,18,M202,----------仔細混合----------,次,,100,,
FA05C3521,FA05C3521-19,19,BA01A0103-1,葡萄糖-1-佳質,公斤,3.4,100,,
FA05C3521,FA05C3521-20,20,M302,----------合計----------,公斤,7.16,100,,
FA05C3521,FA05C3521-21,21,M012,----------空白2,一,,100,,
FA05C3521,FA05C3521-22,22,M003,香料-3,一,,100,,
FA05C3521,FA05C3521-23,23,BA01F0103,香草粉,公斤,2.25,100,,
FA05C3521,FA05C3521-24,24,M013,----------空白3,一,,100,,
FA05C3521,FA05C3521-25,25,M021,膠類-1,一,,100,,
FA05C3521,FA05C3521-26,26,BA01B0209-1,脂肪酸甘油酯(乳化劑S),公斤,0.98,100,,
FA05C3521,FA05C3521-27,27,BA01B0205-1,關華豆膠S200,公斤,2.35,100,,
FA05C3521,FA05C3521-28,28,BA01B0201,LBG-明透膠 RL-200,公斤,0.51,100,,
FA05C3521,FA05C3521-29,29,M304,----------合計----------,公斤,4.21,100,,
FA05D1051,FA05D1051-1,1,M001,香料-1,一,,100,,
FA05D1051,FA05D1051-2,2,BA01F0103,香草粉,克,1120.86,100,,
FA05D1051,FA05D1051-3,3,M011,----------空白1,一,,100,,
FA05D1051,FA05D1051-4,4,M002,香料-2,一,,100,,
FA05D1051,FA05D1051-5,5,BA01F0208,牛奶香料-810447THBH,克,55.99,100,,
FA05D1051,FA05D1051-6,6,BA01F0205,鮮奶香料-94834/10X,克,52.28,100,,
FA05D1051,FA05D1051-7,7,BA01B0301,二矽,克,102.58,100,,
FA05D1051,FA05D1051-8,8,M201,----------仔細混合----------,次,,100,,
FA05D1051,FA05D1051-9,9,BA01A0103,葡萄糖,克,795.34,100,,
FA05D1051,FA05D1051-10,10,M301,----------合計----------,公斤,0.82,100,,
FA05D2011,FA05D2011-1,1,M001,香料-1,一,,100,,
FA05D2011,FA05D2011-2,2,BA01F0501-4,芒果香料810-266A,克,93.61,100,,
FA05D2011,FA05D2011-3,3,BA01B0301,二矽-佳質,克,108.62,100,,
FA05D2011,FA05D2011-4,4,M201,----------仔細混合----------,次,,100,,
FA05D2011,FA05D2011-5,5,BA01A0103,葡萄糖-佳質,公斤,0.68,100,,
FA05D2011,FA05D2011-6,6,M301,----------合計----------,公斤,1.13,100,,
FA05D2011,FA05D2011-7,7,M011,----------空白1,一,,100,,
FA05D2011,FA05D2011-8,8,M002,香料-2,一,,100,,
FA05D2011,FA05D2011-9,9,BA01G0001,PG,克,558.37,100,,
FA05D2011,FA05D2011-10,10,BA01G0201,100-黃Y#4,克,24.64,100,,
FA05D2011,FA05D2011-11,11,BA01G0202,100-黃Y#5,克,66.96,100,,
FA05D2011,FA05D2011-12,12,M103-1,----------泡30分鐘----------,次,,100,,
FA05D2011,FA05D2011-13,13,BA01B0301-1,二矽-1-佳質,克,537.72,100,,
FA05D2011,FA05D2011-14,14,M202,----------仔細混合----------,次,,100,,
FA05D2011,FA05D2011-15,15,BA01A0103-1,葡萄糖-1-佳質,公斤,3.64,100,,
FA05D2011,FA05D2011-16,16,M302,----------合計----------,公斤,4.1,100,,
FA05D2011,FA05D2011-17,17,M012,----------空白2,一,,100,,
FA05D2011,FA05D2011-18,18,M003,香料-3,一,,100,,
FA05D2011,FA05D2011-19,19,BA01F0501-1,芒果粉TD0594-820121,克,889.91,100,,
FA05D2011,FA05D2011-20,20,M303,----------合計----------,公斤,0.75,100,,
FA05D2011,FA05D2011-21,21,M013,----------空白3,一,,100,,
FA05D2011,FA05D2011-22,22,M021,膠類-1,一,,100,,
FA05D2011,FA05D2011-23,23,BA01B0205-1,關華豆膠S200,克,91.81,100,,
FA05D2011,FA05D2011-24,24,BA01B0206,CMC-粘精,克,105.18,100,,
FA05D2011,FA05D2011-25,25,M304,----------合計----------,公斤,0.22,100,,
FA05D2021,FA05D2021-1,1,M001,香料-1,一,,100,,
FA05D2021,FA05D2021-2,2,BA01F0506-1,芋頭香料-422474,克,239.44,100,,
FA05D2021,FA05D2021-3,3,BA01G0301-1,10-藍B#1,克,53.92,100,,
FA05D2021,FA05D2021-4,4,M102,----------泡20分鐘----------,次,,100,,
FA05D2021,FA05D2021-5,5,BA01B0301,二矽-佳質,克,212.67,100,,
FA05D2021,FA05D2021-6,6,M201,----------仔細混合----------,次,,100,,
FA05D2021,FA05D2021-7,7,BA01A0103,葡萄糖,公斤,1.89,100,,
FA05D2021,FA05D2021-8,8,M301,----------合計----------,公斤,2.47,100,,
FA05D2021,FA05D2021-9,9,M011,----------空白1,一,,100,,
FA05D2021,FA05D2021-10,10,M002,香料-2,一,,100,,
FA05D2021,FA05D2021-11,11,BA01F0506-11,芋頭香料-422474,克,607.23,100,,
FA05D2021,FA05D2021-12,12,BA01G0102,100-紅R#40,克,22.43,100,,
FA05D2021,FA05D2021-13,13,M105,----------泡2小時----------,次,,100,,
FA05D2021,FA05D2021-14,14,BA01B0301-1,二矽-1-佳質,克,757.85,100,,
FA05D2021,FA05D2021-15,15,M202,----------仔細混合----------,次,,100,,
FA05D2021,FA05D2021-16,16,BA01A0103-1,葡萄糖,公斤,5.2,100,,
FA05D2021,FA05D2021-17,17,M302,----------合計----------,公斤,6.36,100,,
FA05D2021,FA05D2021-18,18,M012,----------空白2,一,,100,,
FA05D2021,FA05D2021-19,19,M003,香料-3,一,,100,,
FA05D2021,FA05D2021-20,20,BA01F0103,香草粉,克,600.21,100,,
FA05D2021,FA05D2021-21,21,M303,----------合計----------,克,785.47,100,,
FA05D2021,FA05D2021-22,22,M013,----------空白3,一,,100,,
FA05D2021,FA05D2021-23,23,M021,膠類-1,一,,100,,
FA05D2021,FA05D2021-24,24,BA01B0205-1,關華豆膠S200,克,500.93,100,,
FA05D2031,FA05D2031-1,1,M001,香料-1,一,,100,,
FA05D2031,FA05D2031-2,2,BA01F0504-4,草莓香料-65885,克,448.75,100,,
FA05D2031,FA05D2031-3,3,BA01G0102,100-紅R#40,克,39.25,100,,
FA05D2031,FA05D2031-4,4,M104,----------泡隔夜----------,次,,100,,
FA05D2031,FA05D2031-5,5,BA01B0301,二矽,克,711.61,100,,
FA05D2031,FA05D2031-6,6,M201,----------仔細混合----------,次,,100,,
FA05D2031,FA05D2031-7,7,BA01A0103,葡萄糖,公斤,4.3,100,,
FA05D2031,FA05D2031-8,8,M301,----------合計----------,公斤,5.3,100,,
FA05D2031,FA05D2031-9,9,M011,----------空白1,一,,100,,
FA05D2031,FA05D2031-10,10,M002,香料-2,一,,100,,
FA05D2031,FA05D2031-11,11,BA01F0504-1,草莓香料-298119A,克,44.44,100,,
FA05D2031,FA05D2031-12,12,BA01B0301-1,二矽,克,46.07,100,,
FA05D2031,FA05D2031-13,13,M202,----------仔細混合----------,次,,100,,
FA05D2031,FA05D2031-14,14,BA01A0103-1,葡萄糖,克,320.88,100,,
FA05D2031,FA05D2031-15,15,M302,----------合計----------,公斤,0.3,100,,
FA05D2031,FA05D2031-16,16,M012,----------空白2,一,,100,,
FA05D2031,FA05D2031-17,17,M003,香料-3,一,,100,,
FA05D2031,FA05D2031-18,18,BA01F0504-3,草莓粉TD0590-820201,克,751.56,100,,
FA05D2051,FA05D2051-1,1,M001,香料-1,一,,100,,
FA05D2051,FA05D2051-2,2,BA01F0507-3,哈密瓜香料-SR779,克,307.7,100,,
FA05D2051,FA05D2051-3,3,BA01F0507-4,哈蜜瓜香料-007217Z1-向富,克,125.23,100,,
FA05D2051,FA05D2051-4,4,BA01B0301,二矽,克,287.23,100,,
FA05D2051,FA05D2051-5,5,M201,----------仔細混合----------,次,,100,,
FA05D2051,FA05D2051-6,6,BA01A0103,葡萄糖,公斤,3.33,100,,
FA05D2051,FA05D2051-7,7,M301,----------合計----------,公斤,3.91,100,,
FA05D2051,FA05D2051-8,8,M011,----------空白1,一,,100,,
FA05D2051,FA05D2051-9,9,M002,香料-2,一,,100,,
FA05D2051,FA05D2051-10,10,BA01G0001,PG,克,242.88,100,,
FA05D2051,FA05D2051-11,11,BA01G0201,100-黃Y#4,克,20.08,100,,
FA05D2051,FA05D2051-12,12,M103,----------泡30分鐘----------,次,,100,,
FA05D2051,FA05D2051-13,13,BA01G0301-1,10-藍B#1,克,17.01,100,,
FA05D2051,FA05D2051-14,14,M102,----------泡20分鐘----------,次,,100,,
FA05D2051,FA05D2051-15,15,BA01B0301-1,二矽,克,256.91,100,,
FA05D2051,FA05D2051-16,16,M202,----------仔細混合----------,次,,100,,
FA05D2051,FA05D2051-17,17,BA01A0103-1,葡萄糖,公斤,1.9,100,,
FA05D2051,FA05D2051-18,18,M302,----------合計----------,公斤,1.45,100,,
FA05D2051,FA05D2051-19,19,M012,----------空白2,一,,100,,
FA05D2051,FA05D2051-20,20,M003,香料-3,一,,100,,
FA05D2051,FA05D2051-21,21,BA01F0507-2,哈密瓜粉-820125TD1090,克,753.44,100,,
FA05D2061,FA05D2061-1,1,BA01F0513-1,荔枝香料-8108,克,976.46,100,,
FA05D2061,FA05D2061-2,2,BA01B0301,二矽,克,948.18,100,,
FA05D2061,FA05D2061-3,3,M201,----------仔細混合----------,次,,100,,
FA05D2061,FA05D2061-4,4,BA01A0104,乳糖-佳質,公斤,11.99,100,,
FA05D2061,FA05D2061-5,5,M301,----------合計----------,公斤,10.47,100,,
FA05D2071,FA05D2071-1,1,M001,香料-1,一,,100,,
FA05D2071,FA05D2071-2,2,BA01F0512-2,木瓜香料CX-60155,克,62.6,100,,
FA05D2071,FA05D2071-3,3,BA01B0301,二矽,克,72.94,100,,
FA05D2071,FA05D2071-4,4,M201,----------仔細混合----------,次,,100,,
FA05D2071,FA05D2071-5,5,BA01A0103,葡萄糖,公斤,0.58,100,,
FA05D2071,FA05D2071-6,6,M301,----------合計----------,公斤,0.83,100,,
FA05D2071,FA05D2071-7,7,M011,----------空白1,一,,100,,
FA05D2071,FA05D2071-8,8,M002,香料-2,一,,100,,
FA05D2071,FA05D2071-9,9,BA01F0201,奶油香料-B3105C,克,262.18,100,,
FA05D2071,FA05D2071-10,10,BA01G0202,100-黃Y#5,克,40.13,100,,
FA05D2071,FA05D2071-11,11,BA01G0102,100-紅R#40,克,7.95,100,,
FA05D2071,FA05D2071-12,12,M104,----------泡隔夜----------,次,,100,,
FA05D2071,FA05D2071-13,13,BA01B0301-1,二矽,克,340.89,100,,
FA05D2071,FA05D2071-14,14,M202,----------仔細混合----------,次,,100,,
FA05D2071,FA05D2071-15,15,BA01A0103-1,葡萄糖,公斤,2.92,100,,
FA05D2071,FA05D2071-16,16,M302,----------合計----------,公斤,3.6,100,,
FA05D2071,FA05D2071-17,17,M021,膠類-1,一,,100,,
FA05D2071,FA05D2071-18,18,BA01B0205-1,關華豆膠S200,克,631.98,100,,
FA05D2081,FA05D2081-1,1,M001,香料-1,一,,100,,
FA05D2081,FA05D2081-2,2,BA01F0507-1,哈密瓜香料-48105T,克,390.02,100,,
FA05D2081,FA05D2081-3,3,BA01B0301,二矽,克,375.21,100,,
FA05D2081,FA05D2081-4,4,M201,----------仔細混合----------,次,,100,,
FA05D2081,FA05D2081-5,5,BA01A0103,葡萄糖,公斤,2.57,100,,
FA05D2081,FA05D2081-6,6,M301,----------合計----------,公斤,3.92,100,,
FA05D2081,FA05D2081-7,7,M011,----------空白1,一,,100,,
FA05D2081,FA05D2081-8,8,M002,香料-2,一,,100,,
FA05D2081,FA05D2081-9,9,BA01G0001,PG,克,156,100,,
FA05D2081,FA05D2081-10,10,BA01G0201,100-黃Y#4,克,4.51,100,,
FA05D2081,FA05D2081-11,11,BA01G0202,100-黃Y#5,克,17.17,100,,
FA05D2081,FA05D2081-12,12,M102,----------泡20分鐘----------,次,,100,,
FA05D2081,FA05D2081-13,13,BA01B0301-1,二矽,克,180.99,100,,
FA05D2081,FA05D2081-14,14,M202,----------仔細混合----------,次,,100,,
FA05D2081,FA05D2081-15,15,BA01A0103-1,葡萄糖,公斤,1.24,100,,
FA05D2081,FA05D2081-16,16,M302,----------合計----------,公斤,1.67,100,,
FA05D2081,FA05D2081-17,17,M012,----------空白2,一,,100,,
FA05D2081,FA05D2081-18,18,M003,香料-3,一,,100,,
FA05D2081,FA05D2081-19,19,BA01F0507-2,哈密瓜粉-820125TD1090,公斤,1.03,100,,
FA05D2091,FA05D2091-1,1,M001,香料-1,一,,100,,
FA05D2091,FA05D2091-2,2,BA01G0001,PG,克,503.78,100,,
FA05D2091,FA05D2091-3,3,BA01G0102,100-紅R#40,克,42.88,100,,
FA05D2091,FA05D2091-4,4,M104,----------泡隔夜----------,次,,100,,
FA05D2091,FA05D2091-5,5,BA01G0202,100-黃Y#5,克,3.66,100,,
FA05D2091,FA05D2091-6,6,M101,----------泡10分鐘----------,次,,100,,
FA05D2091,FA05D2091-7,7,BA01B0301,二矽,克,569.96,100,,
FA05D2091,FA05D2091-8,8,M201,----------仔細混合----------,次,,100,,
FA05D2091,FA05D2091-9,9,BA01A0103,葡萄糖,公斤,6.01,100,,
FA05D2091,FA05D2091-10,10,M301,----------合計----------,公斤,6.52,100,,
FA05D2091,FA05D2091-11,11,M011,----------空白1,一,,100,,
FA05D2091,FA05D2091-12,12,M002,香料-2,一,,100,,
FA05D2091,FA05D2091-13,13,BA01F0510-2,西瓜香料-025756Z1,克,424.5,100,,
FA05D2091,FA05D2091-14,14,BA01B0301-1,二矽,克,342.91,100,,
FA05D2091,FA05D2091-15,15,M202,----------仔細混合----------,次,,100,,
FA05D2091,FA05D2091-16,16,BA01A0103-1,葡萄糖,公斤,4.03,100,,
FA05D2091,FA05D2091-17,17,M302,----------合計----------,公斤,3.68,100,,
FA05D2101,FA05D2101-1,1,M001,香料-1,一,,100,,
FA05D2101,FA05D2101-2,2,BA01F0511-7,鳳梨香料814349TM,克,327.47,100,,
FA05D2101,FA05D2101-3,3,BA01G0201,100-黃Y#4,克,22.79,100,,
FA05D2101,FA05D2101-4,4,M102,----------泡20分鐘----------,次,,100,,
FA05D2101,FA05D2101-5,5,BA01B0301-1,二矽,克,366.77,100,,
FA05D2101,FA05D2101-6,6,M202,----------仔細混合----------,次,,100,,
FA05D2101,FA05D2101-7,7,BA01A0103-1,葡萄糖,公斤,1.69,100,,
FA05D2101,FA05D2101-8,8,M302,----------合計----------,公斤,2.97,100,,
FA05D2101,FA05D2101-9,9,M011,----------空白1,一,,100,,
FA05D2101,FA05D2101-10,10,M021,膠類-1,一,,100,,
FA05D2101,FA05D2101-11,11,BA01B0205-1,關華豆膠S200,克,144.81,100,,
FA05D2121,FA05D2121-1,1,M001,香料-1,一,,100,,
FA05D2121,FA05D2121-2,2,BA01F0515-1,香蕉香料07770Z1,克,280.54,100,,
FA05D2121,FA05D2121-3,3,BA01B0301,二矽,克,436.38,100,,
FA05D2121,FA05D2121-4,4,M201,----------仔細混合----------,次,,100,,
FA05D2121,FA05D2121-5,5,BA01A0103,葡萄糖,公斤,3.23,100,,
FA05D2121,FA05D2121-6,6,M301,----------合計----------,公斤,2.57,100,,
FA05D2121,FA05D2121-7,7,M011,----------空白1,一,,100,,
FA05D2121,FA05D2121-8,8,M002,香料-2,一,,100,,
FA05D2121,FA05D2121-9,9,BA01F0201,奶油香料-B3105C,克,148,100,,
FA05D2121,FA05D2121-10,10,BA01G0201,100-黃Y#4,克,15.68,100,,
FA05D2121,FA05D2121-11,11,M102,----------泡20分鐘----------,次,,100,,
FA05D2121,FA05D2121-12,12,BA01B0301-1,二矽,克,180.85,100,,
FA05D2121,FA05D2121-13,13,M202,----------仔細混合----------,次,,100,,
FA05D2121,FA05D2121-14,14,BA01A0103-1,葡萄糖,公斤,1.18,100,,
FA05D2121,FA05D2121-15,15,M302,----------合計----------,公斤,2.09,100,,
FA05D2121,FA05D2121-16,16,M012,----------空白2,一,,100,,
FA05D2121,FA05D2121-17,17,M021,膠類-1,一,,100,,
FA05D2121,FA05D2121-18,18,BA01B0205-1,關華豆膠S200,克,822.56,100,,
FA05D2131,FA05D2131-1,1,M001,香料-1,一,,100,,
FA05D2131,FA05D2131-2,2,BA01F0521-2,百香果香料 003430W,克,1197.67,100,,
FA05D2131,FA05D2131-3,3,BA01B0301,二矽,克,2447.49,100,,
FA05D2131,FA05D2131-4,4,M201,----------仔細混合----------,次,,100,,
FA05D2131,FA05D2131-5,5,BA01A0103,葡萄糖,公斤,4.78,100,,
FA05D2131,FA05D2131-6,6,M301,----------合計----------,公斤,10.62,100,,
FA05D2131,FA05D2131-7,7,M011,----------空白1,一,,100,,
FA05D2131,FA05D2131-8,8,M002,香料-2,一,,100,,
FA05D2131,FA05D2131-9,9,BA01G0001,PG,克,64.28,100,,
FA05D2131,FA05D2131-10,10,BA01G0201,100-黃Y#4,克,10.89,100,,
FA05D2131,FA05D2131-11,11,BA01G0202,100-黃Y#5,克,7.22,100,,
FA05D2131,FA05D2131-12,12,M103,----------泡30分鐘----------,次,,100,,
FA05D2131,FA05D2131-13,13,BA01B0301-1,二矽,克,92.33,100,,
FA05D2131,FA05D2131-14,14,M203,----------仔細混合----------,次,,100,,
FA05D2131,FA05D2131-15,15,BA01A0103-1,葡萄糖,公斤,0.55,100,,
FA05D2131,FA05D2131-16,16,M302,----------合計----------,公斤,1.03,100,,
FA05D2131,FA05D2131-17,17,M012,----------空白2,一,,100,,
FA05D2131,FA05D2131-18,18,M021,膠類-1,一,,100,,
FA05D2131,FA05D2131-19,19,BA01B0205-1,關華豆膠S200,克,892.14,100,,
FA05D2141,FA05D2141-1,1,M001,香料-1,一,,100,,
FA05D2141,FA05D2141-2,2,BA01F0202-1,牛奶香料-MI2264,克,311.94,100,,
FA05D2141,FA05D2141-3,3,BA01G0301-1,10-藍B#1,克,48.2,100,,
FA05D2141,FA05D2141-4,4,M103,----------泡30分鐘----------,次,,100,,
FA05D2141,FA05D2141-5,5,BA01B0301,二矽,克,252.66,100,,
FA05D2141,FA05D2141-6,6,M201,----------仔細混合----------,次,,100,,
FA05D2141,FA05D2141-7,7,BA01A0103,葡萄糖,公斤,1.75,100,,
FA05D2141,FA05D2141-8,8,M301,----------合計----------,公斤,2.87,100,,
FA05D2141,FA05D2141-9,9,M011,----------空白1,一,,100,,
FA05D2141,FA05D2141-10,10,M002,香料-2,一,,100,,
FA05D2141,FA05D2141-11,11,BA01G0001,PG,克,489.8,100,,
FA05D2141,FA05D2141-12,12,BA01F0518-1,酪梨香料014453W5,克,127.79,100,,
FA05D2141,FA05D2141-13,13,BA01G0201,100-黃Y#4,克,132.78,100,,
FA05D2141,FA05D2141-14,14,BA01G0202-1,10-黃Y#5,克,10.22,100,,
FA05D2141,FA05D2141-15,15,M103-1,----------泡30分鐘----------,次,,100,,
FA05D2141,FA05D2141-16,16,BA01B0301-1,二矽,克,727,100,,
FA05D2141,FA05D2141-17,17,M202,----------仔細混合----------,次,,100,,
FA05D2141,FA05D2141-18,18,BA01A0103-1,葡萄糖,公斤,3.98,100,,
FA05D2141,FA05D2141-19,19,M302,----------合計----------,公斤,4.31,100,,
FA05D2141,FA05D2141-20,20,M012,----------空白2,一,,100,,
FA05D2141,FA05D2141-21,21,M003,香料-3,一,,100,,
FA05D2141,FA05D2141-22,22,BA01F0517-1,蘋果香料-SR847,克,97.53,100,,
FA05D2141,FA05D2141-23,23,BA01B0301-21,二矽-2-佳質,克,104.17,100,,
FA05D2141,FA05D2141-24,24,M203,----------仔細混合----------,次,,100,,
FA05D2141,FA05D2141-25,25,BA01A0103-21,葡萄糖-2-佳質,公斤,1.05,100,,
FA05D2141,FA05D2141-26,26,M303,----------合計----------,公斤,1.56,100,,
FA05D2141,FA05D2141-27,27,M013,----------空白3,一,,100,,
FA05D2141,FA05D2141-28,28,M021,膠類-1,一,,100,,
FA05D2141,FA05D2141-29,29,BA01B0205-1,關華豆膠S200,克,494.19,100,,
FA05D2142,FA05D2142-1,1,M001,香料-1,一,,100,,
FA05D2142,FA05D2142-2,2,BA01F0518-1,酪梨香料014453W5,克,231.11,100,,
FA05D2142,FA05D2142-3,3,BA01G0301-1,10-藍B#1,克,41.78,100,,
FA05D2142,FA05D2142-4,4,M103,----------泡30分鐘----------,次,,100,,
FA05D2142,FA05D2142-5,5,BA01B0301,二矽,克,182,100,,
FA05D2142,FA05D2142-6,6,M201,----------仔細混合----------,次,,100,,
FA05D2142,FA05D2142-7,7,BA01A0103,葡萄糖,公斤,1.1,100,,
FA05D2142,FA05D2142-8,8,M301,----------合計----------,公斤,1.82,100,,
FA05D2142,FA05D2142-9,9,M011,----------空白1,一,,100,,
FA05D2142,FA05D2142-10,10,M002,香料-2,一,,100,,
FA05D2142,FA05D2142-11,11,BA01G0001,PG,克,479.29,100,,
FA05D2142,FA05D2142-12,12,BA01F0202-1,牛奶香料-MI2264,克,93.85,100,,
FA05D2142,FA05D2142-13,13,BA01G0201,100-黃Y#4,克,128.81,100,,
FA05D2142,FA05D2142-14,14,BA01G0202-1,10-黃Y#5,克,7.61,100,,
FA05D2142,FA05D2142-15,15,M103-1,----------泡30分鐘----------,次,,100,,
FA05D2142,FA05D2142-16,16,BA01B0301-1,二矽,克,588.97,100,,
FA05D2142,FA05D2142-17,17,M202,----------仔細混合----------,次,,100,,
FA05D2142,FA05D2142-18,18,BA01A0103-1,葡萄糖,公斤,3.62,100,,
FA05D2142,FA05D2142-19,19,M302,----------合計----------,公斤,6.08,100,,
FA05D2142,FA05D2142-20,20,M012,----------空白2,一,,100,,
FA05D2142,FA05D2142-21,21,M021,膠類-1,一,,100,,
FA05D2142,FA05D2142-22,22,BA01B0205-1,關華豆膠S200,克,155.19,100,,
FA05D2151,FA05D2151-1,1,M001,香料-1,一,,100,,
FA05D2151,FA05D2151-2,2,BA01F0509-5,水蜜桃香料-48593C,克,83.05,100,,
FA05D2151,FA05D2151-3,3,BA01B0301,二矽,克,119.42,100,,
FA05D2151,FA05D2151-4,4,M201,----------仔細混合----------,次,,100,,
FA05D2151,FA05D2151-5,5,BA01A0103,葡萄糖,公斤,0.74,100,,
FA05D2151,FA05D2151-6,6,M301,----------合計----------,公斤,1.06,100,,
FA05D2151,FA05D2151-7,7,M011,----------空白1,一,,100,,
FA05D2151,FA05D2151-8,8,M002,香料-2,一,,100,,
FA05D2151,FA05D2151-9,9,BA01F0509-6,水蜜桃香料-sb713,克,593.87,100,,
FA05D2151,FA05D2151-10,10,BA01G0201,100-黃Y#4,克,19.28,100,,
FA05D2151,FA05D2151-11,11,BA01G0202,100-黃Y#5,克,49.3,100,,
FA05D2151,FA05D2151-12,12,M102,----------泡20分鐘----------,次,,100,,
FA05D2151,FA05D2151-13,13,BA01B0301-1,二矽,克,790.42,100,,
FA05D2151,FA05D2151-14,14,M202,----------仔細混合----------,次,,100,,
FA05D2151,FA05D2151-15,15,BA01A0103-1,葡萄糖,公斤,6.34,100,,
FA05D2151,FA05D2151-16,16,M302,----------合計----------,公斤,6.99,100,,
FA10B3011-1,FA10B3011-1-1,1,M001,香料-1,一,,100,,
FA10B3011-1,FA10B3011-1-2,2,BA01F0201,奶油香料-B3105C,克,231.38,100,,
FA10B3011-1,FA10B3011-1-3,3,BA01B0301,二矽-佳質,克,211.09,100,,
FA10B3011-1,FA10B3011-1-4,4,M201,----------仔細混合----------,次,,100,,
FA10B3011-1,FA10B3011-1-5,5,BA01A0103,葡萄糖,公斤,1.86,100,,
FA10B3011-1,FA10B3011-1-6,6,M301,----------合計----------,公斤,2.66,100,,
FA10B3011-1,FA10B3011-1-7,7,M011,----------空白1,一,,100,,
FA10B3011-1,FA10B3011-1-8,8,M002,香料-2,一,,100,,
FA10B3011-1,FA10B3011-1-9,9,BA01F0205,鮮奶香料-94834/10X,克,40.31,100,,
FA10B3011-1,FA10B3011-1-10,10,BA01F0102-1,楓糖香料 WGC041,克,45.12,100,,
FA10B3011-1,FA10B3011-1-11,11,BA01B0301-1,二矽-1-佳質,克,86.1,100,,
FA10B3011-1,FA10B3011-1-12,12,M202,----------仔細混合----------,次,,100,,
FA10B3011-1,FA10B3011-1-13,13,BA01A0103-1,葡萄糖-1-佳質,公斤,0.83,100,,
FA10B3011-1,FA10B3011-1-14,14,M302,----------合計----------,公斤,0.87,100,,
FA10B3011-1,FA10B3011-1-15,15,M012,----------空白2,一,,100,,
FA10B3011-1,FA10B3011-1-16,16,M003,香料-3,一,,100,,
FA10B3011-1,FA10B3011-1-17,17,BA01F0208,牛奶香料-810447THBH,克,33.58,100,,
FA10B3011-1,FA10B3011-1-18,18,BA01F0209,椰奶香料307702W,克,75.98,100,,
FA10B3011-1,FA10B3011-1-19,19,BA01B0301-21,二矽-2-佳質,克,103.46,100,,
FA10B3011-1,FA10B3011-1-20,20,M203,----------仔細混合----------,次,,100,,
FA10B3011-1,FA10B3011-1-21,21,BA01A0103-21,葡萄糖-2-佳質,公斤,0.6,100,,
FA10B3011-1,FA10B3011-1-22,22,M303,----------合計----------,公斤,1.13,100,,
FA10C3811,FA10C3811-1,1,BA01F0209,椰奶香料307702W,克,286.21,100,,2023/03/09
FA10C3811,FA10C3811-2,2,BA01B0301,二矽,克,224.09,100,,
FA10C3811,FA10C3811-3,3,M201,----------仔細混合----------,次,,100,,
FA10C3811,FA10C3811-4,4,BA01A0103,葡萄糖,公斤,1.38,100,,
FA10C3811,FA10C3811-5,5,M301,----------合計----------,公斤,2.95,100,,
FA10C3821,FA10C3821-1,1,M001,香料-1,一,,100,,2023/03/09
FA10C3821,FA10C3821-2,2,BA01F0308,紅茶香料-TM 06,克,106.02,100,,
FA10C3821,FA10C3821-3,3,BA01G0301-1,10-藍B#1,克,10.33,100,,
FA10C3821,FA10C3821-4,4,M103,----------泡30分鐘----------,次,,100,,
FA10C3821,FA10C3821-5,5,BA01B0301,二矽-佳質,克,112.77,100,,
FA10C3821,FA10C3821-6,6,M201,----------仔細混合----------,次,,100,,
FA10C3821,FA10C3821-7,7,BA01A0103,葡萄糖,公斤,0.84,100,,
FA10C3821,FA10C3821-8,8,M301,----------合計----------,公斤,1.41,100,,
FA10C3821,FA10C3821-9,9,M011,----------空白1,一,,100,,
FA10C3821,FA10C3821-10,10,M002,香料-2,一,,100,,
FA10C3821,FA10C3821-11,11,BA01G0001,PG,克,124.47,100,,
FA10C3821,FA10C3821-12,12,BA01G0201,100-黃Y#4,克,21.22,100,,
FA10C3821,FA10C3821-13,13,M103-1,----------泡30分鐘----------,次,,100,,
FA10C3821,FA10C3821-14,14,BA01B0301-1,二矽-1-佳質,克,113.69,100,,
FA10C3821,FA10C3821-15,15,M202,----------仔細混合----------,次,,100,,
FA10C3821,FA10C3821-16,16,BA01A0103-1,葡萄糖,公斤,1.02,100,,
FA10C3821,FA10C3821-17,17,M302,----------合計----------,公斤,0.98,100,,
FA10C3821,FA10C3821-18,18,M012,----------空白2,一,,100,,
FA10C3821,FA10C3821-19,19,M021,膠類-1,一,,100,,
FA10C3821,FA10C3821-20,20,BA01B0205-1,關華豆膠S200,克,709.38,100,,
FA10C3831,FA10C3831-1,1,M001,香料-1,一,,100,,2023/03/09
FA10C3831,FA10C3831-2,2,BA01F0112,香草香精FW81688(B),克,173.69,100,,
FA10C3831,FA10C3831-3,3,BA01B0301,二矽,克,145.85,100,,
FA10C3831,FA10C3831-4,4,M201,----------仔細混合----------,次,,100,,
FA10C3831,FA10C3831-5,5,BA01A0103,葡萄糖,公斤,1.25,100,,
FA10C3831,FA10C3831-6,6,M301,----------合計----------,公斤,1.57,100,,
FA10C3831,FA10C3831-7,7,M011,----------空白1,一,,100,,
FA10C3831,FA10C3831-8,8,M002,香料-2,一,,100,,
FA10C3831,FA10C3831-9,9,BA01F0213,牛奶香料-SN768847,克,264.55,100,,
FA10C3831,FA10C3831-10,10,BA01B0301-1,二矽,克,349.8,100,,
FA10C3831,FA10C3831-11,11,M202,----------仔細混合----------,次,,100,,
FA10C3831,FA10C3831-12,12,BA01A0103-1,葡萄糖,公斤,1.91,100,,
FA10C3831,FA10C3831-13,13,M302,----------合計----------,公斤,3.14,100,,
FA10C3831,FA10C3831-14,14,M012,----------空白2,一,,100,,
FA10C3831,FA10C3831-15,15,M003,香料-3,一,,100,,
FA10C3831,FA10C3831-16,16,BA01F0103,香草粉,克,900.92,100,,
FA10D2011-1,FA10D2011-1-1,1,M001,香料-1,一,,100,,
FA10D2011-1,FA10D2011-1-2,2,BA01F0504-4,草莓香料-65885,克,876.84,100,,
FA10D2011-1,FA10D2011-1-3,3,BA01G0102-3,FDA-食用色素紅色40號,克,28.53,100,,
FA10D2011-1,FA10D2011-1-4,4,M104,----------泡隔夜----------,次,,100,,
FA10D2011-1,FA10D2011-1-5,5,BA01B0301,二矽,克,1070.53,100,,
FA10D2011-1,FA10D2011-1-6,6,M201,----------仔細混合----------,次,,100,,
FA10D2011-1,FA10D2011-1-7,7,BA01A0103,葡萄糖,公斤,8.67,100,,
FA10D2011-1,FA10D2011-1-8,8,M301,----------合計----------,公斤,8.03,100,,
FA10D2011-1,FA10D2011-1-9,9,M011,----------空白1,一,,100,,
FA10D2011-1,FA10D2011-1-10,10,M002,香料-2,一,,100,,
FA10D2011-1,FA10D2011-1-11,11,BA01F0504-1,草莓香料-298119A,克,39.54,100,,
FA10D2011-1,FA10D2011-1-12,12,BA01B0301-1,二矽,克,34.02,100,,
FA10D2011-1,FA10D2011-1-13,13,M202,----------仔細混合----------,次,,100,,
FA10D2011-1,FA10D2011-1-14,14,BA01A0103-1,葡萄糖,公斤,0.45,100,,
FA10D2011-1,FA10D2011-1-15,15,M302,----------合計----------,公斤,0.33,100,,
FA10D2011-1,FA10D2011-1-16,16,M012,----------空白2,一,,100,,
FA10D2011-1,FA10D2011-1-17,17,M003,香料-3,一,,100,,
FA10D2011-1,FA10D2011-1-18,18,BA01F0504-3,草莓粉TD0590-820201,克,687.96,100,,
FA10D2031-1,FA10D2031-1-1,1,M001,香料-1,一,,100,,
FA10D2031-1,FA10D2031-1-2,2,BA01G0001,PG,克,544.68,100,,
FA10D2031-1,FA10D2031-1-3,3,BA01G0102-3,FDA-食用色素紅色40號,克,49.99,100,,
FA10D2031-1,FA10D2031-1-4,4,M104,----------泡隔夜----------,次,,100,,
FA10D2031-1,FA10D2031-1-5,5,BA01G0202-4,FDA證-食用色素黃色5號,克,4.56,100,,
FA10D2031-1,FA10D2031-1-6,6,M101,----------泡10分鐘----------,次,,100,,
FA10D2031-1,FA10D2031-1-7,7,BA01B0301,二矽,克,453.88,100,,
FA10D2031-1,FA10D2031-1-8,8,M201,----------仔細混合----------,次,,100,,
FA10D2031-1,FA10D2031-1-9,9,BA01A0103,葡萄糖,公斤,4.19,100,,
FA10D2031-1,FA10D2031-1-10,10,M301,----------合計----------,公斤,5.22,100,,
FA10D2031-1,FA10D2031-1-11,11,M011,----------空白1,一,,100,,
FA10D2031-1,FA10D2031-1-12,12,M002,香料-2,一,,100,,
FA10D2031-1,FA10D2031-1-13,13,BA01F0510-2,西瓜香料-025756Z1,克,514.6,100,,
FA10D2031-1,FA10D2031-1-14,14,BA01B0301-1,二矽,克,668.62,100,,
FA10D2031-1,FA10D2031-1-15,15,M202,----------仔細混合----------,次,,100,,
FA10D2031-1,FA10D2031-1-16,16,BA01A0103-1,葡萄糖,公斤,4.06,100,,
FA10D2031-1,FA10D2031-1-17,17,M302,----------合計----------,公斤,5.33,100,,
FA10D2071-1,FA10D2071-1-1,1,M001,香料-1,一,,100,,
FA10D2071-1,FA10D2071-1-2,2,BA01F0507-3,哈密瓜香料-SR779,克,308.45,100,,
FA10D2071-1,FA10D2071-1-3,3,BA01F0507-4,哈蜜瓜香料-007217Z1-向富,克,155.2,100,,
FA10D2071-1,FA10D2071-1-4,4,BA01B0301,二矽,克,557.82,100,,
FA10D2071-1,FA10D2071-1-5,5,M201,----------仔細混合----------,次,,100,,
FA10D2071-1,FA10D2071-1-6,6,BA01A0103,葡萄糖,公斤,3.26,100,,
FA10D2071-1,FA10D2071-1-7,7,M301,----------合計----------,公斤,4.23,100,,
FA10D2071-1,FA10D2071-1-8,8,M011,----------空白1,一,,100,,
FA10D2071-1,FA10D2071-1-9,9,M002,香料-2,一,,100,,
FA10D2071-1,FA10D2071-1-10,10,BA01G0001,PG,克,322.02,100,,
FA10D2071-1,FA10D2071-1-11,11,BA01G0201,100-黃Y#4,克,20.01,100,,
FA10D2071-1,FA10D2071-1-12,12,M103,----------泡30分鐘----------,次,,100,,
FA10D2071-1,FA10D2071-1-13,13,BA01G0301-1,10-藍B#1,克,19.54,100,,
FA10D2071-1,FA10D2071-1-14,14,M102,----------泡20分鐘----------,次,,100,,
FA10D2071-1,FA10D2071-1-15,15,BA01B0301-1,二矽,克,235.45,100,,
FA10D2071-1,FA10D2071-1-16,16,M202,----------仔細混合----------,次,,100,,
FA10D2071-1,FA10D2071-1-17,17,BA01A0103-1,葡萄糖,公斤,1.59,100,,
FA10D2071-1,FA10D2071-1-18,18,M302,----------合計----------,公斤,2.3,100,,
FA10D2071-1,FA10D2071-1-19,19,M012,----------空白2,一,,100,,
FA10D2071-1,FA10D2071-1-20,20,M003,香料-3,一,,100,,
FA10D2071-1,FA10D2071-1-21,21,BA01F0507-2,哈密瓜粉-820125TD1090,克,1478.88,100,,
FA10D2811,FA10D2811-1,1,M001,香料-1,一,,100,,2023/03/09
FA10D2811,FA10D2811-2,2,BA01F0506-1,芋頭香料-422474,克,91,100,,
FA10D2811,FA10D2811-3,3,BA01G0301-1,10-藍B#1,克,18.52,100,,
FA10D2811,FA10D2811-4,4,M103,----------泡30分鐘----------,次,,100,,
FA10D2811,FA10D2811-5,5,BA01B0301,二矽-佳質,克,91.61,100,,
FA10D2811,FA10D2811-6,6,M201,----------仔細混合----------,次,,100,,
FA10D2811,FA10D2811-7,7,BA01A0103,葡萄糖,公斤,0.99,100,,
FA10D2811,FA10D2811-8,8,M301,----------合計----------,公斤,0.95,100,,
FA10D2811,FA10D2811-9,9,M011,----------空白1,一,,100,,
FA10D2811,FA10D2811-10,10,M002,香料-2,一,,100,,
FA10D2811,FA10D2811-11,11,BA01F0611,香蘭香料SM-216060,克,102.28,100,,
FA10D2811,FA10D2811-12,12,BA01G0101,100-紅R#6,克,11.51,100,,
FA10D2811,FA10D2811-13,13,M103-1,----------泡30分鐘----------,次,,100,,
FA10D2811,FA10D2811-14,14,BA01B0301-1,二矽-1-佳質,克,106.81,100,,
FA10D2811,FA10D2811-15,15,M202,----------仔細混合----------,次,,100,,
FA10D2811,FA10D2811-16,16,BA01A0103-1,葡萄糖,公斤,0.92,100,,
FA10D2811,FA10D2811-17,17,M302,----------合計----------,公斤,1.16,100,,
FA10D2811,FA10D2811-18,18,M012,----------空白2,一,,100,,
FA10D2811,FA10D2811-19,19,M003,香料-3,一,,100,,
FA10D2811,FA10D2811-20,20,BA01F0506-10,芋頭香料 901460JW,克,229.65,100,,
FA10D2811,FA10D2811-21,21,BA01B0301-21,二矽-2-佳質,克,285.41,100,,
FA10D2811,FA10D2811-22,22,M203,----------仔細混合----------,次,,100,,
FA10D2811,FA10D2811-23,23,BA01A0103-21,葡萄糖-2-佳質,公斤,1.97,100,,
FA10D2811,FA10D2811-24,24,M303,----------合計----------,公斤,2.75,100,,
FA10D2811,FA10D2811-25,25,M013,----------空白3,一,,100,,
FA10D2811,FA10D2811-26,26,M021,膠類-1,一,,100,,
FA10D2811,FA10D2811-27,27,BA01B0205-1,關華豆膠S200,克,730.32,100,,
FA10D2821,FA10D2821-1,1,M001,香料-1,一,,100,,2023/03/09
FA10D2821,FA10D2821-2,2,BA01F0504-4,草莓香料-65885,克,709.51,100,,
FA10D2821,FA10D2821-3,3,BA01G0101,100-紅R#6,克,27.52,100,,
FA10D2821,FA10D2821-4,4,M103,----------泡30分鐘----------,次,,100,,
FA10D2821,FA10D2821-5,5,BA01B0301,二矽,克,723.45,100,,
FA10D2821,FA10D2821-6,6,M201,----------仔細混合----------,次,,100,,
FA10D2821,FA10D2821-7,7,BA01A0103,葡萄糖,公斤,5.12,100,,
FA10D2821,FA10D2821-8,8,M301,----------合計----------,公斤,7.39,100,,
FA10D2821,FA10D2821-9,9,M011,----------空白1,一,,100,,
FA10D2821,FA10D2821-10,10,M002,香料-2,一,,100,,
FA10D2821,FA10D2821-11,11,BA01F0504-1,草莓香料-298119A,克,38.99,100,,
FA10D2821,FA10D2821-12,12,BA01B0301-1,二矽,克,34.3,100,,
FA10D2821,FA10D2821-13,13,M202,----------仔細混合----------,次,,100,,
FA10D2821,FA10D2821-14,14,BA01A0103-1,葡萄糖,公斤,0.26,100,,
FA10D2821,FA10D2821-15,15,M302,----------合計----------,公斤,0.27,100,,
FA10D2821,FA10D2821-16,16,M012,----------空白2,一,,100,,
FA10D2821,FA10D2821-17,17,M003,香料-3,一,,100,,
FA10D2821,FA10D2821-18,18,BA01F0504-3,草莓粉TD0590-820201,克,499.21,100,,
FA10D2841,FA10D2841-1,1,M001,香料-1,一,,100,,2024/02/22
FA10D2841,FA10D2841-2,2,BA01F0501-4,芒果香料810-266A,克,131.51,100,,
FA10D2841,FA10D2841-3,3,BA01B0301,二矽,克,178.57,100,,
FA10D2841,FA10D2841-4,4,M201,----------仔細混合----------,次,,100,,
FA10D2841,FA10D2841-5,5,BA01A0103,葡萄糖-佳質,公斤,1.11,100,,
FA10D2841,FA10D2841-6,6,M301,----------合計----------,公斤,1.63,100,,
FA10D2841,FA10D2841-7,7,M011,----------空白1,一,,100,,
FA10D2841,FA10D2841-8,8,M002,香料-2,一,,100,,
FA10D2841,FA10D2841-9,9,BA01G0001,PG,克,308.9,100,,
FA10D2841,FA10D2841-10,10,BA01G0201,100-黃Y#4,克,23.69,100,,
FA10D2841,FA10D2841-11,11,BA01G0202-4,FDA證-食用色素黃色5號,克,61.11,100,,
FA10D2841,FA10D2841-12,12,M103,----------泡30分鐘----------,次,,100,,
FA10D2841,FA10D2841-13,13,BA01B0301-1,二矽-1-佳質,克,388.69,100,,
FA10D2841,FA10D2841-14,14,M202,----------仔細混合----------,次,,100,,
FA10D2841,FA10D2841-15,15,BA01A0103-1,葡萄糖-1-佳質,公斤,4.16,100,,
FA10D2841,FA10D2841-16,16,M302,----------合計----------,公斤,5.02,100,,
FA10D2841,FA10D2841-17,17,M012,----------空白2,一,,100,,
FA10D2841,FA10D2841-18,18,M003,香料-3,一,,100,,
FA10D2841,FA10D2841-19,19,BA01F0501-1,芒果粉TD0594-820121,克,1520.58,100,,
FA10D2841,FA10D2841-20,20,M303,----------合計----------,克,0.99,100,,
FA10D2841,FA10D2841-21,21,M013,----------空白3,一,,100,,
FA10D2841,FA10D2841-22,22,M021,膠類-1,一,,100,,
FA10D2841,FA10D2841-23,23,BA01B0205-1,關華豆膠S200,克,180.07,100,,
FA10D2841,FA10D2841-24,24,M304,----------合計----------,克,0.14,100,,
FA20B3011,FA20B3011-1,1,BA01F0201,奶油香料-B3105C,克,300.83,100,,
FA20B3011,FA20B3011-2,2,BA01B0301,二矽,克,387.53,100,,
FA20B3011,FA20B3011-3,3,M201,----------仔細混合----------,次,,100,,
FA20B3011,FA20B3011-4,4,BA01A0101-1,糖粉-1-佳質,公斤,2.91,100,,
FA20B3011,FA20B3011-5,5,M301,----------合計----------,公斤,3.1,100,,
FA20B3021,FA20B3021-1,1,BA01F0101,黑糖香料-52585,克,448.02,100,,
FA20B3021,FA20B3021-2,2,BA01B0301,二矽,克,424.14,100,,
FA20B3021,FA20B3021-3,3,M201,----------仔細混合----------,次,,100,,
FA20B3021,FA20B3021-4,4,BA01A0103,葡萄糖,公斤,3.43,100,,
FA20B3021,FA20B3021-5,5,M301,----------合計----------,公斤,3.9,100,,
FA28A6013,FA28A6013-1,1,BA01F0103,香草粉,克,805.55,100,,
FA28A6013,FA28A6013-2,2,BA01F0203,亞洲牛奶,克,140.51,100,,
FA28A6013,FA28A6013-3,3,M301,----------合計----------,克,826.75,100,,
FA28B6011,FA28B6011-1,1,M001,香料-1,一,,100,,
FA28B6011,FA28B6011-2,2,BA01F0307,茶香料AR-820552,克,31.17,100,,
FA28B6011,FA28B6011-3,3,BA01B0301,二矽,克,33.59,100,,
FA28B6011,FA28B6011-4,4,M201,----------仔細混合----------,次,,100,,
FA28B6011,FA28B6011-5,5,BA01A0104,乳糖,公斤,0.27,100,,
FA28B6011,FA28B6011-6,6,M301,----------合計----------,公斤,0.34,100,,
FA28B6011,FA28B6011-7,7,M011,----------空白1,一,,100,,
FA28B6011,FA28B6011-8,8,M012,----------空白2,一,,100,,
FA28B6011,FA28B6011-9,9,M002,香料-2,一,,100,,
FA28B6011,FA28B6011-10,10,BA01F0301,紅茶料粉TY-11158,克,227.48,100,,
FA28B6011,FA28B6011-11,11,M302,----------合計----------,克,177.24,100,,
FA28C3011,FA28C3011-1,1,BA01F0307,茶香料AR-820552,克,45.57,100,,
FA28C3011,FA28C3011-2,2,BA01B0301,二矽,克,29.05,100,,
FA28C3011,FA28C3011-3,3,M201,----------仔細混合----------,次,,100,,
FA28C3011,FA28C3011-4,4,BA01A0104,乳糖,克,219.91,100,,
FA28C3011,FA28C3011-5,5,M301,----------合計----------,克,334.98,100,,
FA28C3031,FA28C3031-1,1,M001,香料-1,一,,100,,
FA28C3031,FA28C3031-2,2,BA01F0106,巧克力香精-Y85S,克,228.55,100,,
FA28C3031,FA28C3031-3,3,BA01B0301,二矽,克,308.14,100,,
FA28C3031,FA28C3031-4,4,M201,----------仔細混合----------,次,,100,,
FA28C3031,FA28C3031-5,5,BA01A0103,葡萄糖,公斤,2.36,100,,
FA28C3031,FA28C3031-6,6,M301,----------合計----------,公斤,2.44,100,,
FA28C3031,FA28C3031-7,7,M011,----------空白1,一,,100,,
FA28C3031,FA28C3031-8,8,M012,----------空白2,一,,100,,
FA28C3031,FA28C3031-9,9,M021,膠類-1,一,,100,,
FA28C3031,FA28C3031-10,10,BA01B0205-1,關華豆膠S200,克,1093.42,100,,
FA28C3031,FA28C3031-11,11,M302,----------合計----------,克,1283.01,100,,
FA29B3011,FA29B3011-1,1,BA01F0102-1,楓糖香料 WGC041,克,498.56,100,,
FA29B3011,FA29B3011-2,2,BA01B0301,二矽,克,371.65,100,,
FA29B3011,FA29B3011-3,3,M201,----------仔細混合----------,次,,100,,
FA29B3011,FA29B3011-4,4,BA01A0103,葡萄糖-佳質,公斤,3.42,100,,
FA29B3011,FA29B3011-5,5,M301,----------合計----------,公斤,4.43,100,,
FA39A3011,FA39A3011-1,1,BA01F0402,咖啡香料810342T,克,304.17,100,,
FA39A3011,FA39A3011-2,2,BA01B0301,二矽,克,334.89,100,,
FA39A3011,FA39A3011-3,3,M201,----------仔細混合----------,次,,100,,
FA39A3011,FA39A3011-4,4,BA01A0104,乳糖-佳質,公斤,2.3,100,,
FA39A3011,FA39A3011-5,5,M301,----------合計----------,公斤,2.38,100,,
FA39A3021,FA39A3021-1,1,BA01F0801,榛果香料-298828A,克,155.85,100,,
FA39A3021,FA39A3021-2,2,BA01B0301,二矽,克,185.34,100,,
FA39A3021,FA39A3021-3,3,M201,----------仔細混合----------,次,,100,,
FA39A3021,FA39A3021-4,4,BA01A0104,乳糖,公斤,1.65,100,,
FA39A3021,FA39A3021-5,5,M301,----------合計----------,公斤,1.62,100,,
FA50A3831,FA50A3831-1,1,M001,香料-1,一,,100,,2024/05/21
FA50A3831,FA50A3831-2,2,BA01F0801,榛果香料-298828A,克,195.03,100,,
FA50A3831,FA50A3831-3,3,BA01B0301,二矽,克,159.89,100,,
FA50A3831,FA50A3831-4,4,M201,----------仔細混合----------,次,,100,,
FA50A3831,FA50A3831-5,5,BA01A0103,葡萄糖-佳質,公斤,1.58,100,,
FA50A3831,FA50A3831-6,6,M301,----------合計----------,公斤,1.71,100,,
FA50A3831,FA50A3831-7,7,M011,----------空白1,一,,100,,
FA50A3831,FA50A3831-8,8,M021,膠類-1,一,,100,,
FA50A3831,FA50A3831-9,9,BA01B0205-1,關華豆膠S200,克,617.54,100,,
FA50A3831,FA50A3831-10,10,M302,----------合計----------,公斤,0.37,100,,
FA50A3841,FA50A3841-1,1,M001,香料-1,一,,100,,2024/09/26
FA50A3841,FA50A3841-2,2,BA01F0106,巧克力香精-Y85S,克,813.7,100,,
FA50A3841,FA50A3841-3,3,BA01B0301,二矽,克,666.45,100,,
FA50A3841,FA50A3841-4,4,M201,----------仔細混合----------,次,,100,,
FA50A3841,FA50A3841-5,5,BA01A0103,葡萄糖-佳質,公斤,5.21,100,,
FA50A3841,FA50A3841-6,6,M301,----------合計----------,公斤,7.83,100,,
FA50A3841,FA50A3841-7,7,M011,----------空白1,一,,100,,
FA50A3841,FA50A3841-8,8,M021,膠類-1,一,,100,,
FA50A3841,FA50A3841-9,9,BA01B0205-1,關華豆膠S200,克,437.15,100,,
FA50A3841,FA50A3841-10,10,M302,----------合計----------,公斤,0.73,100,,
FA50B3811,FA50B3811-1,1,M001,香料-1,一,,100,,2024/09/03
FA50B3811,FA50B3811-2,2,BA01F0101,黑糖香料-52585,克,445.53,100,,
FA50B3811,FA50B3811-3,3,BA01B0301,二矽,克,555.86,100,,
FA50B3811,FA50B3811-4,4,M201,----------仔細混合----------,次,,100,,
FA50B3811,FA50B3811-5,5,BA01A0103,葡萄糖,公斤,5.03,100,,
FA50B3811,FA50B3811-6,6,M301,----------合計----------,公斤,4.39,100,,
FA50B3811,FA50B3811-7,7,M011,----------空白1,一,,100,,
FA50B3811,FA50B3811-8,8,M021,膠類-1,一,,100,,
FA50B3811,FA50B3811-9,9,BA01B0205-1,關華豆膠S200,克,625.54,100,,
FA50B3811,FA50B3811-10,10,M302,----------合計----------,公斤,0.4,100,,
FA65T3041,FA65T3041-1,1,M001,香料-1,一,,100,,2022/11/09
FA65T3041,FA65T3041-2,2,BA01F0503-3,檸檬香料-297925A,克,28.98,100,,
FA65T3041,FA65T3041-3,3,BA01F0503-4,萊姆檸檬-810309T,克,87.54,100,,
FA65T3041,FA65T3041-4,4,BA01B0301,二矽,克,100.45,100,,
FA65T3041,FA65T3041-5,5,M201,----------仔細混合----------,次,,100,,
FA65T3041,FA65T3041-6,6,BA01A0103,葡萄糖,公斤,0.94,100,,
FA65T3041,FA65T3041-7,7,M301,----------合計----------,公斤,1.07,100,,
FA91B2011,FA91B2011-1,1,BA01F0301,紅茶料粉TY-11158,克,1093.62,100,,
FA91B2011,FA91B2011-2,2,M301,----------合計----------,克,926.32,100,,
FA91B3011,FA91B3011-1,1,M001,香料-1,一,,100,,
FA91B3011,FA91B3011-2,2,BA01F0103,香草粉,克,372.62,100,,
FA91B3011,FA91B3011-3,3,BA01F0301,紅茶料粉TY-11158,克,199.34,100,,
FA91B3011,FA91B3011-4,4,M301,----------合計----------,公斤,0.54,100,,
FA91B3011,FA91B3011-5,5,M011,----------空白1,一,,100,,
FA91B3011,FA91B3011-6,6,M002,香料-2,一,,100,,
FA91B3011,FA91B3011-7,7,BA01G0001,PG,克,94.25,100,,
FA91B3011,FA91B3011-8,8,BA01G0102-3,FDA-食用色素紅色40號,克,12.48,100,,
FA91B3011,FA91B3011-9,9,M103,----------泡30分鐘----------,次,,100,,
FA91B3011,FA91B3011-10,10,BA01B0301,二矽,克,81.95,100,,
FA91B3011,FA91B3011-11,11,M201,----------仔細混合----------,次,,100,,
FA91B3011,FA91B3011-12,12,BA01G0201,100-黃Y#4,克,40.15,100,,
FA91B3011,FA91B3011-13,13,BA01G0202-4,FDA證-食用色素黃色5號,克,87.19,100,,
FA91B3011,FA91B3011-14,14,BA01A0104,乳糖,克,802,100,,
FA91B3011,FA91B3011-15,15,M302,----------合計----------,公斤,0.66,100,,
FA91B3011,FA91B3011-16,16,M012,----------空白2,一,,100,,
FA91B3011,FA91B3011-17,17,M003,香料-3,一,,100,,
FA91B3011,FA91B3011-18,18,BA01F0201,奶油香料-B3105C,克,212.44,100,,
FA91B3011,FA91B3011-19,19,BA01G02011,100-黃Y#4-1,克,17.29,100,,
FA91B3011,FA91B3011-20,20,BA01G0202-7,FDA-食用色素黃色5號-1,克,43.42,100,,
FA91B3011,FA91B3011-21,21,M102,----------泡20分鐘----------,次,,100,,
FA91B3011,FA91B3011-22,22,BA01B0301-1,二矽,克,136.62,100,,
FA91B3011,FA91B3011-23,23,M202,----------仔細混合----------,次,,100,,
FA91B3011,FA91B3011-24,24,BA01A0104-1,乳糖,公斤,1.35,100,,
FA91B3011,FA91B3011-25,25,M303,----------合計----------,公斤,1.64,100,,
FA91B3021,FA91B3021-1,1,BA01F0308,紅茶香料-TM 06,克,323.43,100,,
FA91B3021,FA91B3021-2,2,BA01B0301,二矽-佳質,克,445.55,100,,
FA91B3021,FA91B3021-3,3,M201,----------仔細混合----------,次,,100,,
FA91B3021,FA91B3021-4,4,BA01A0101-1,糖粉-1-佳質,公斤,2.98,100,,
FA91B3021,FA91B3021-5,5,M301,----------合計----------,公斤,5.41,100,,
FA91C2021,FA91C2021-1,1,M001,香料-1,一,,100,,2023/06/13
FA91C2021,FA91C2021-2,2,BA01F0513-1,荔枝香料-8108,克,555.94,100,,
FA91C2021,FA91C2021-3,3,BA01G0102-3,FDA-食用色素紅色40號,克,52.77,100,,
FA91C2021,FA91C2021-4,4,M104,----------泡隔夜----------,次,,100,,
FA91C2021,FA91C2021-5,5,BA01B0301,二矽-佳質,克,663.09,100,,
FA91C2021,FA91C2021-6,6,M201,----------仔細混合----------,次,,100,,
FA91C2021,FA91C2021-7,7,BA01A0103,葡萄糖-佳質,公斤,6.32,100,,
FA91C2021,FA91C2021-8,8,M301,----------合計----------,公斤,6.05,100,,
FA91C2021,FA91C2021-9,9,M011,----------空白1,一,,100,,
FA91C2021,FA91C2021-10,10,M002,香料-2,一,,100,,
FA91C2021,FA91C2021-11,11,BA01F0601-1,玫瑰香料-ROSE678020,克,516.87,100,,
FA91C2021,FA91C2021-12,12,BA01B0301-1,二矽-1-佳質,克,636.82,100,,
FA91C2021,FA91C2021-13,13,M202,----------仔細混合----------,次,,100,,
FA91C2021,FA91C2021-14,14,BA01A0103-1,葡萄糖-1-佳質,公斤,6.8,100,,
FA91C2021,FA91C2021-15,15,M302,----------合計----------,公斤,7.29,100,,
FA91C2021,FA91C2021-16,16,M012,----------空白2,一,,100,,
FA91C2021,FA91C2021-17,17,M021,膠類-1,一,,100,,
FA91C2021,FA91C2021-18,18,BA01B0205-1,關華豆膠S200,公斤,2.07,100,,
FA91C2021,FA91C2021-19,19,BA01B0209-1,脂肪酸甘油酯(乳化劑S),公斤,0.34,100,,
FA91C2021,FA91C2021-20,20,M304,----------合計----------,公斤,3.4,100,,
FA91C2041,FA91C2041-1,1,M001,香料-1,一,,100,,2023/06/13
FA91C2041,FA91C2041-2,2,BA01F0208,牛奶香料-810447THBH,克,380.26,100,,
FA91C2041,FA91C2041-3,3,BA01B0301,二矽-佳質,克,313.78,100,,
FA91C2041,FA91C2041-4,4,M201,----------仔細混合----------,次,,100,,
FA91C2041,FA91C2041-5,5,BA01A0103,葡萄糖-佳質,公斤,3.01,100,,
FA91C2041,FA91C2041-6,6,M301,----------合計----------,公斤,2.18,100,,
FA91C2041,FA91C2041-7,7,M011,----------空白1,一,,100,,
FA91C2041,FA91C2041-8,8,M021,膠類-1,一,,100,,
FA91C2041,FA91C2041-9,9,BA01B0205-1,關華豆膠S200,公斤,2.72,100,,
FA91C2041,FA91C2041-10,10,BA01B0209-1,脂肪酸甘油酯(乳化劑S),公斤,0.42,100,,
FA91C2041,FA91C2041-11,11,M304,----------合計----------,公斤,2.72,100,,
FA91C3011,FA91C3011-1,1,BA01F0209,椰奶香料307702W,克,90.95,100,,
FA91C3011,FA91C3011-2,2,BA01B0301,二矽,克,104.38,100,,
FA91C3011,FA91C3011-3,3,M201,----------仔細混合----------,次,,100,,
FA91C3011,FA91C3011-4,4,BA01A0103,葡萄糖,公斤,0.71,100,,
FA91C3011,FA91C3011-5,5,M301,----------合計----------,公斤,1.12,100,,
FA91C3031,FA91C3031-1,1,M001,香料-1,一,,100,,
FA91C3031,FA91C3031-2,2,BA01F0103,香草粉,克,4345.96,100,,
FA91C3031,FA91C3031-3,3,BA01G0201-2,1-黃Y#4,克,111.11,100,,
FA91C3031,FA91C3031-4,4,BA01G0202-6,1-FDA黃Y#5,克,60.07,100,,
FA91C3031,FA91C3031-5,5,M301,----------合計----------,公斤,2.84,100,,
FA91C3031,FA91C3031-6,6,M011,----------空白1,一,,100,,
FA91C3031,FA91C3031-7,7,M021,膠類-1,一,,100,,
FA91C3031,FA91C3031-8,8,BA01B0205-1,關華豆膠S200,克,372.18,100,,
FA91D1021,FA91D1021-1,1,M001,香料-1,一,,100,,2022/08/05
FA91D1021,FA91D1021-2,2,BA01G0001,PG,克,68.63,100,,
FA91D1021,FA91D1021-3,3,BA01G0201-1,10-黃Y#4,克,6.92,100,,
FA91D1021,FA91D1021-4,4,BA01G0202-5,10-FDA黃Y#5,克,3.62,100,,
FA91D1021,FA91D1021-5,5,M102,----------泡20分鐘----------,次,,100,,
FA91D1021,FA91D1021-6,6,BA01B0301,二矽,克,74.41,100,,
FA91D1021,FA91D1021-7,7,M201,----------仔細混合----------,次,,100,,
FA91D1021,FA91D1021-8,8,BA01A0103,葡萄糖-佳質,公斤,0.57,100,,
FA91D1021,FA91D1021-9,9,M301,----------合計----------,公斤,0.51,100,,
FA91D1021,FA91D1021-10,10,M011,----------空白1,一,,100,,
FA91D1021,FA91D1021-11,11,M002,香料-2,一,,100,,
FA91D1021,FA91D1021-12,12,BA01F0208,牛奶香料-810447THBH,克,46.43,100,,
FA91D1021,FA91D1021-13,13,BA01B0301-1,二矽-1-佳質,克,43.27,100,,
FA91D1021,FA91D1021-14,14,M202,----------仔細混合----------,次,,100,,
FA91D1021,FA91D1021-15,15,BA01A0103-1,葡萄糖-1-佳質,公斤,0.35,100,,
FA91D1021,FA91D1021-16,16,M302,----------合計----------,公斤,0.4,100,,
FA91D2051,FA91D2051-1,1,M001,香料-1,一,,100,,
FA91D2051,FA91D2051-2,2,BA01F0507-3,哈密瓜香料-SR779,克,307.16,100,,
FA91D2051,FA91D2051-3,3,BA01F0507-4,哈蜜瓜香料-007217Z1-向富,克,115.76,100,,
FA91D2051,FA91D2051-4,4,BA01B0301,二矽,克,303.36,100,,
FA91D2051,FA91D2051-5,5,M201,----------仔細混合----------,次,,100,,
FA91D2051,FA91D2051-6,6,BA01A0103,葡萄糖,公斤,3.56,100,,
FA91D2051,FA91D2051-7,7,M301,----------合計----------,公斤,4.16,100,,
FA91D2051,FA91D2051-8,8,M011,----------空白1,一,,100,,
FA91D2051,FA91D2051-9,9,M002,香料-2,一,,100,,
FA91D2051,FA91D2051-10,10,BA01G0001,PG,克,237.17,100,,
FA91D2051,FA91D2051-11,11,BA01G0201,100-黃Y#4,克,12.47,100,,
FA91D2051,FA91D2051-12,12,M102,----------泡20分鐘----------,次,,100,,
FA91D2051,FA91D2051-13,13,BA01B0301-1,二矽,克,204.56,100,,
FA91D2051,FA91D2051-14,14,M202,----------仔細混合----------,次,,100,,
FA91D2051,FA91D2051-15,15,BA01A0103-1,葡萄糖,公斤,1.77,100,,
FA91D2051,FA91D2051-16,16,M302,----------合計----------,公斤,1.71,100,,
FA91D2051,FA91D2051-17,17,M012,----------空白2,一,,100,,
FA91D2051,FA91D2051-18,18,M003,香料-3,一,,100,,
FA91D2051,FA91D2051-19,19,BA01F0507-2,哈密瓜粉-820125TD1090,克,1222.6,100,,
FA91D2081,FA91D2081-1,1,M001,香料-1,一,,100,,
FA91D2081,FA91D2081-2,2,BA01F0506-1,芋頭香料-422474,克,151.83,100,,
FA91D2081,FA91D2081-3,3,BA01G0301,100-藍B#1,克,6.65,100,,
FA91D2081,FA91D2081-4,4,M102,----------泡20分鐘----------,次,,100,,
FA91D2081,FA91D2081-5,5,BA01B0301,二矽-佳質,克,180.87,100,,
FA91D2081,FA91D2081-6,6,M201,----------仔細混合----------,次,,100,,
FA91D2081,FA91D2081-7,7,BA01A0103,葡萄糖,公斤,1.4,100,,
FA91D2081,FA91D2081-8,8,M301,----------合計----------,公斤,2.36,100,,
FA91D2081,FA91D2081-9,9,M011,----------空白1,一,,100,,
FA91D2081,FA91D2081-10,10,M002,香料-2,一,,100,,
FA91D2081,FA91D2081-11,11,BA01F0506-4,芋頭香料-SR688,克,730.15,100,,
FA91D2081,FA91D2081-12,12,BA01G0102-3,FDA-食用色素紅色40號,克,17.17,100,,
FA91D2081,FA91D2081-13,13,M104,----------泡隔夜----------,次,,100,,
FA91D2081,FA91D2081-14,14,BA01B0301-1,二矽-1-佳質,克,906.03,100,,
FA91D2081,FA91D2081-15,15,M202,----------仔細混合----------,次,,100,,
FA91D2081,FA91D2081-16,16,BA01A0103-1,葡萄糖,公斤,6.66,100,,
FA91D2081,FA91D2081-17,17,M302,----------合計----------,公斤,8.21,100,,
FA91D2081,FA91D2081-18,18,M012,----------空白2,一,,100,,
FA91D2081,FA91D2081-19,19,M003,香料-3,一,,100,,
FA91D2081,FA91D2081-20,20,BA01F0506-10,芋頭香料 901460JW,克,137.35,100,,
FA91D2081,FA91D2081-21,21,BA01G0103,100-紅R#7,克,6.24,100,,
FA91D2081,FA91D2081-22,22,M102-1,----------泡20分鐘----------,次,,100,,
FA91D2081,FA91D2081-23,23,BA01B0301-21,二矽-2-佳質,克,91.71,100,,
FA91D2081,FA91D2081-24,24,M203,----------仔細混合----------,次,,100,,
FA91D2081,FA91D2081-25,25,BA01A0103-21,葡萄糖-2-佳質,公斤,1.33,100,,
FA91D2081,FA91D2081-26,26,M303,----------合計----------,公斤,1.1,100,,
FA91D2081,FA91D2081-27,27,M013,----------空白3,一,,100,,
FA91D2081,FA91D2081-28,28,M021,膠類-1,一,,100,,
FA91D2081,FA91D2081-29,29,BA01B0205-1,關華豆膠S200,公斤,1.34,100,,
FA91D2082,FA91D2082-1,1,M001,香料-1,一,,100,,2024/08/20
FA91D2082,FA91D2082-2,2,BA01F0506-1,芋頭香料-422474,克,251,100,,
FA91D2082,FA91D2082-3,3,BA01G0301,100-藍B#1,克,10.94,100,,
FA91D2082,FA91D2082-4,4,M103,----------泡30分鐘----------,次,,100,,
FA91D2082,FA91D2082-5,5,BA01B0301,二矽-佳質,克,154.79,100,,
FA91D2082,FA91D2082-6,6,M201,----------仔細混合----------,次,,100,,
FA91D2082,FA91D2082-7,7,BA01A0103,葡萄糖,公斤,1.77,100,,
FA91D2082,FA91D2082-8,8,M301,----------合計----------,公斤,2.4,100,,
FA91D2082,FA91D2082-9,9,M011,----------空白1,一,,100,,
FA91D2082,FA91D2082-10,10,M002,香料-2,一,,100,,
FA91D2082,FA91D2082-11,11,BA01F0506-4,芋頭香料-SR688,克,908.8,100,,
FA91D2082,FA91D2082-12,12,BA01G0101,100-紅R#6,克,37.96,100,,
FA91D2082,FA91D2082-13,13,M103-1,----------泡30分鐘----------,次,,100,,
FA91D2082,FA91D2082-14,14,BA01B0301-1,二矽-1-佳質,克,897.46,100,,
FA91D2082,FA91D2082-15,15,M202,----------仔細混合----------,次,,100,,
FA91D2082,FA91D2082-16,16,BA01A0103-1,葡萄糖,公斤,5.85,100,,
FA91D2082,FA91D2082-17,17,M302,----------合計----------,公斤,10.21,100,,
FA91D2082,FA91D2082-18,18,M012,----------空白2,一,,100,,
FA91D2082,FA91D2082-19,19,M003,香料-3,一,,100,,
FA91D2082,FA91D2082-20,20,BA01F0506-10,芋頭香料 901460JW,克,99.21,100,,
FA91D2082,FA91D2082-21,21,BA01B0301-21,二矽-2-佳質,克,152.66,100,,
FA91D2082,FA91D2082-22,22,M203,----------仔細混合----------,次,,100,,
FA91D2082,FA91D2082-23,23,BA01A0103-21,葡萄糖-2-佳質,公斤,1.29,100,,
FA91D2082,FA91D2082-24,24,M303,----------合計----------,公斤,1.6,100,,
FA91D2082,FA91D2082-25,25,M013,----------空白3,一,,100,,
FA91D2082,FA91D2082-26,26,M021,膠類-1,一,,100,,
FA91D2082,FA91D2082-27,27,BA01B0205-1,關華豆膠S200,公斤,1.34,100,,
FD01C3011,FD01C3011-1,1,BA01F0804-1,杏仁香料 A-T46276,克,430.57,100,,
FD01C3011,FD01C3011-2,2,BA01A0103,葡萄糖,公斤,4.79,100,,
FD01C3011,FD01C3011-3,3,M201,----------仔細混合----------,次,,100,,
FD01C3011,FD01C3011-4,4,BA01B0301,二矽,克,193.29,100,,
FD01C3011,FD01C3011-5,5,M301,----------合計----------,公斤,4.79,100,,
FD01T3021,FD01T3021-1,1,M001,香料-1,一,,100,,
FD01T3021,FD01T3021-2,2,BA01F0503-3,檸檬香料-297925A,克,35.73,100,,
FD01T3021,FD01T3021-3,3,BA01F0503-4,萊姆檸檬-810309T,克,87.86,100,,
FD01T3021,FD01T3021-4,4,BA01B0301,二矽,克,121.17,100,,
FD01T3021,FD01T3021-5,5,M201,----------仔細混合----------,次,,100,,
FD01T3021,FD01T3021-6,6,BA01A0103,葡萄糖,公斤,1.63,100,,
FD01T3021,FD01T3021-7,7,M301,----------合計----------,公斤,1.71,100,,
FD01T3021,FD01T3021-8,8,M011,----------空白1,一,,100,,
FD01T3021,FD01T3021-9,9,M002,香料-2,一,,100,,
FD01T3021,FD01T3021-10,10,BA01G0702-1,100-焦糖色素P-IV-200加二矽,克,526.22,100,,
FD21C3021,FD21C3021-1,1,M001,香料-1,一,,100,,
FD21C3021,FD21C3021-2,2,BA01F0212-1,煉乳香料5465T,克,310.7,100,,
FD21C3021,FD21C3021-3,3,BA01B0301,二矽-佳質,克,351.38,100,,
FD21C3021,FD21C3021-4,4,M201,----------仔細混合----------,次,,100,,
FD21C3021,FD21C3021-5,5,BA01A0103,葡萄糖-佳質,公斤,4.06,100,,
FD21C3021,FD21C3021-6,6,M301,----------合計----------,公斤,3.13,100,,
FD21C3021,FD21C3021-7,7,M011,----------空白1,一,,100,,
FD21C3021,FD21C3021-8,8,M002,香料-2,一,,100,,
FD21C3021,FD21C3021-9,9,BA01F0208,牛奶香料-810447THBH,克,59.26,100,,
FD21C3021,FD21C3021-10,10,BA01F0205,鮮奶香料-94834/10X,克,77.21,100,,
FD21C3021,FD21C3021-11,11,BA01B0301-1,二矽-1-佳質,克,148.59,100,,
FD21C3021,FD21C3021-12,12,M202,----------仔細混合----------,次,,100,,
FD21C3021,FD21C3021-13,13,BA01A0103-1,葡萄糖-1-佳質,公斤,0.98,100,,
FD21C3021,FD21C3021-14,14,M302,----------合計----------,公斤,1.02,100,,
FD21C3021,FD21C3021-15,15,M012,----------空白2,一,,100,,
FD21C3021,FD21C3021-16,16,M003,香料-3,一,,100,,
FD21C3021,FD21C3021-17,17,BA01F0103,香草粉,公斤,5.89,100,,
FD21C3021,FD21C3021-18,18,M013,----------空白3,一,,100,,
FD21C3021,FD21C3021-19,19,M021,膠類-1,一,,100,,
FD21C3021,FD21C3021-20,20,BA01B0209-1,脂肪酸甘油酯(乳化劑S),公斤,0.73,100,,
FD21C3021,FD21C3021-21,21,BA01B0205-1,關華豆膠S200,公斤,1.82,100,,
FD21C3021,FD21C3021-22,22,M304,----------合計----------,公斤,2.95,100,,
FD21C3021-1,FD21C3021-1-1,1,M001,香料-1,一,,100,,
FD21C3021-1,FD21C3021-1-2,2,BA01F0212-1,煉乳香料5465T,克,421.47,100,,
FD21C3021-1,FD21C3021-1-3,3,BA01B0301,二矽-佳質,克,457.15,100,,
FD21C3021-1,FD21C3021-1-4,4,M201,----------仔細混合----------,次,,100,,
FD21C3021-1,FD21C3021-1-5,5,BA01A0103,葡萄糖-佳質,公斤,2.61,100,,
FD21C3021-1,FD21C3021-1-6,6,M301,----------合計----------,公斤,3.53,100,,
FD21C3021-1,FD21C3021-1-7,7,M011,----------空白1,一,,100,,
FD21C3021-1,FD21C3021-1-8,8,M002,香料-2,一,,100,,
FD21C3021-1,FD21C3021-1-9,9,BA01F0208,牛奶香料-810447THBH,克,56.02,100,,
FD21C3021-1,FD21C3021-1-10,10,BA01F0205,鮮奶香料-94834/10X,克,55.99,100,,
FD21C3021-1,FD21C3021-1-11,11,BA01B0301-1,二矽-1-佳質,克,105.72,100,,
FD21C3021-1,FD21C3021-1-12,12,M202,----------仔細混合----------,次,,100,,
FD21C3021-1,FD21C3021-1-13,13,BA01A0103-1,葡萄糖-1-佳質,公斤,1.09,100,,
FD21C3021-1,FD21C3021-1-14,14,M302,----------合計----------,公斤,1.54,100,,
FD21C3021-1,FD21C3021-1-15,15,M012,----------空白2,一,,100,,
FD21C3021-1,FD21C3021-1-16,16,M021,膠類-1,一,,100,,
FD21C3021-1,FD21C3021-1-17,17,BA01B0209-1,脂肪酸甘油酯(乳化劑S),公斤,1.17,100,,
FD21C3021-1,FD21C3021-1-18,18,BA01B0205-1,關華豆膠S200,公斤,1.95,100,,
FD21C3021-1,FD21C3021-1-19,19,M304,----------合計----------,公斤,3.36,100,,
FD21C3031,FD21C3031-1,1,BA01F0106,巧克力香精-Y85S,克,223.52,100,,
FD21C3031,FD21C3031-2,2,BA01B0301,二矽,克,248.46,100,,
FD21C3031,FD21C3031-3,3,M201,----------仔細混合----------,次,,100,,
FD21C3031,FD21C3031-4,4,BA01A0103,葡萄糖,公斤,1.43,100,,
FD21C3031,FD21C3031-5,5,M301,----------合計----------,公斤,2.43,100,,
FD21C3031,FD21C3031-6,6,M011,----------空白1,一,,100,,
FD21C3031,FD21C3031-7,7,M021,膠類-1,一,,100,,
FD21C3031,FD21C3031-8,8,BA01B0205-1,關華豆膠S200,公斤,0.94,100,,
FD21C3031,FD21C3031-9,9,M302,----------合計----------,公斤,1.27,100,,
FD44C3011,FD44C3011-1,1,BA01F0804-1,杏仁香料 A-T46276,克,352.77,100,,
FD44C3011,FD44C3011-2,2,BA01A0103,葡萄糖,公斤,2.7,100,,
FD44C3011,FD44C3011-3,3,M201,----------仔細混合----------,次,,100,,
FD44C3011,FD44C3011-4,4,BA01B0301,二矽,克,140.54,100,,
FD44C3011,FD44C3011-5,5,M301,----------合計----------,公斤,3.67,100,,
FD45A3011,FD45A3011-1,1,BA01F0402,咖啡香料810342T,克,23.67,100,,
FD45A3011,FD45A3011-2,2,BA01B0301,二矽,克,27.9,100,,
FD45A3011,FD45A3011-3,3,M201,----------仔細混合----------,次,,100,,
FD45A3011,FD45A3011-4,4,BA01A0103,葡萄糖-佳質,克,383.74,100,,
FD45A3011,FD45A3011-5,5,M301,----------合計----------,克,529.9,100,,
FD45D2021,FD45D2021-1,1,M001,香料-1,一,,100,,
FD45D2021,FD45D2021-2,2,BA01F0507-3,哈密瓜香料-SR779,克,241.3,100,,
FD45D2021,FD45D2021-3,3,BA01F0507-4,哈蜜瓜香料-007217Z1-向富,克,129.35,100,,
FD45D2021,FD45D2021-4,4,BA01B0301,二矽,克,462.3,100,,
FD45D2021,FD45D2021-5,5,M201,----------仔細混合----------,次,,100,,
FD45D2021,FD45D2021-6,6,BA01A0103,葡萄糖,克,3811.33,100,,
FD45D2021,FD45D2021-7,7,M301,----------合計----------,公斤,3.61,100,,
FD45D2021,FD45D2021-8,8,M011,----------空白1,一,,100,,
FD45D2021,FD45D2021-9,9,M002,香料-2,一,,100,,
FD45D2021,FD45D2021-10,10,BA01G0001,PG,克,219.42,100,,
FD45D2021,FD45D2021-11,11,BA01G0201,100-黃Y#4,克,20.49,100,,
FD45D2021,FD45D2021-12,12,M103,----------泡30分鐘----------,次,,100,,
FD45D2021,FD45D2021-13,13,BA01G0301-1,10-藍B#1,克,21.05,100,,
FD45D2021,FD45D2021-14,14,M102,----------泡20分鐘----------,次,,100,,
FD45D2021,FD45D2021-15,15,BA01B0301-1,二矽,克,282.95,100,,
FD45D2021,FD45D2021-16,16,M202,----------仔細混合----------,次,,100,,
FD45D2021,FD45D2021-17,17,BA01A0103-1,葡萄糖,公斤,1.61,100,,
FD45D2021,FD45D2021-18,18,M302,----------合計----------,公斤,1.82,100,,
FD45D2021,FD45D2021-19,19,M012,----------空白2,一,,100,,
FD45D2021,FD45D2021-20,20,M003,香料-3,一,,100,,
FD45D2021,FD45D2021-21,21,BA01F0507-2,哈密瓜粉-820125TD1090,公斤,1.11,100,,
FD45D2041,FD45D2041-1,1,M001,香料-1,一,,100,,
FD45D2041,FD45D2041-2,2,BA01F0506-1,芋頭香料-422474,克,11.68,100,,
FD45D2041,FD45D2041-3,3,BA01F0205,鮮奶香料-94834/10X,克,9.9,100,,
FD45D2041,FD45D2041-4,4,BA01B0301,二矽-佳質,克,18.79,100,,
FD45D2041,FD45D2041-5,5,M201,----------仔細混合----------,次,,100,,
FD45D2041,FD45D2041-6,6,BA01A0103,葡萄糖,克,170.59,100,,
FD45D2041,FD45D2041-7,7,M301,----------合計----------,公斤,0.16,100,,
FD45D2041,FD45D2041-8,8,M011,----------空白1,一,,100,,
FD45D2041,FD45D2041-9,9,M002,香料-2,一,,100,,
FD45D2041,FD45D2041-10,10,BA01F0506-4,芋頭香料-SR688,克,518.6,100,,
FD45D2041,FD45D2041-11,11,BA01G0301,100-藍B#1,克,15.49,100,,
FD45D2041,FD45D2041-12,12,BA01G0103,100-紅R#7,克,8.25,100,,
FD45D2041,FD45D2041-13,13,M102,----------泡20分鐘----------,次,,100,,
FD45D2041,FD45D2041-14,14,BA01B0301-1,二矽-1-佳質,克,617.81,100,,
FD45D2041,FD45D2041-15,15,M202,----------仔細混合----------,次,,100,,
FD45D2041,FD45D2041-16,16,BA01A0103-1,葡萄糖,公斤,3.92,100,,
FD45D2041,FD45D2041-17,17,M302,----------合計----------,公斤,5.14,100,,
FD45D2041,FD45D2041-18,18,M012,----------空白2,一,,100,,
FD45D2041,FD45D2041-19,19,M003,香料-3,一,,100,,
FD45D2041,FD45D2041-20,20,BA01F0506-10,芋頭香料 901460JW,克,369.8,100,,
FD45D2041,FD45D2041-21,21,BA01G0102-3,FDA-食用色素紅色40號,克,26.19,100,,
FD45D2041,FD45D2041-22,22,M104,----------泡隔夜----------,次,,100,,
FD45D2041,FD45D2041-23,23,BA01B0301-21,二矽-2-佳質,克,361.32,100,,
FD45D2041,FD45D2041-24,24,M203,----------仔細混合----------,次,,100,,
FD45D2041,FD45D2041-25,25,BA01A0103-21,葡萄糖-2-佳質,公斤,2.65,100,,
FD45D2041,FD45D2041-26,26,M303,----------合計----------,公斤,4.04,100,,
FD45D2051,FD45D2051-1,1,BA01F0205,鮮奶香料-94834/10X,克,14.97,100,,
FD45D2051,FD45D2051-2,2,BA01B0301,二矽,克,13.42,100,,
FD45D2051,FD45D2051-3,3,M201,----------仔細混合----------,次,,100,,
FD45D2051,FD45D2051-4,4,BA01A0103,葡萄糖-佳質,克,103.02,100,,
FD45D2051,FD45D2051-5,5,M301,----------合計----------,克,153.98,100,,
FD52B3011,FD52B3011-1,1,BA01F0307,茶香料AR-820552,克,31.88,100,,2022/10/03
FD52B3011,FD52B3011-2,2,BA01B0301,二矽,克,41.12,100,,
FD52B3011,FD52B3011-3,3,M201,----------仔細混合----------,次,,100,,
FD52B3011,FD52B3011-4,4,BA01A0103,葡萄糖-佳質,公斤,0.27,100,,
FD52B3011,FD52B3011-5,5,M301,----------合計----------,公斤,0.42,100,,
FD52B3021,FD52B3021-1,1,M001,香料-1,一,,100,,2022/10/03
FD52B3021,FD52B3021-2,2,BA01F0205,鮮奶香料-94834/10X,克,17.43,100,,
FD52B3021,FD52B3021-3,3,BA01B0301,二矽,克,15.3,100,,
FD52B3021,FD52B3021-4,4,M201,----------仔細混合----------,次,,100,,
FD52B3021,FD52B3021-5,5,BA01A0103,葡萄糖,公斤,0.11,100,,
FD52B3021,FD52B3021-6,6,M301,----------合計----------,公斤,0.21,100,,
FD52B3021,FD52B3021-7,7,M011,----------空白1,一,,100,,
FD52B3021,FD52B3021-8,8,M002,香料-2,一,,100,,
FD52B3021,FD52B3021-9,9,BA01F0308,紅茶香料-TM 06,克,74.26,100,,
FD52B3021,FD52B3021-10,10,BA01F0309,伯爵香料75284-74,克,29.52,100,,
FD52B3021,FD52B3021-11,11,BA01B0301-1,二矽,克,128.89,100,,
FD52B3021,FD52B3021-12,12,M202,----------仔細混合----------,次,,100,,
FD52B3021,FD52B3021-13,13,BA01A0103-1,葡萄糖,公斤,0.68,100,,
FD52B3021,FD52B3021-14,14,M302,----------合計----------,公斤,0.95,100,,
FD52B3051,FD52B3051-1,1,BA01F0101,黑糖香料-52585,克,618.33,100,,2022/11/17
FD52B3051,FD52B3051-2,2,BA01B0301,二矽,克,571.59,100,,
FD52B3051,FD52B3051-3,3,M201,----------仔細混合----------,次,,100,,
FD52B3051,FD52B3051-4,4,BA01A0103,葡萄糖,公斤,5.6,100,,
FD52B3051,FD52B3051-5,5,M301,----------合計----------,公斤,6.63,100,,
FD52B306291,FD52B306291-1,1,M001,香料-1,一,,100,,2024/07/26
FD52B306291,FD52B306291-2,2,BA01F0308,紅茶香料-TM 06,克,45.11,100,,
FD52B306291,FD52B306291-3,3,BA01F0215,牛奶糖香料CX-70288,克,87.2,100,,
FD52B306291,FD52B306291-4,4,BA01B0301,二矽-佳質,克,129.81,100,,
FD52B306291,FD52B306291-5,5,M201,----------仔細混合----------,次,,100,,
FD52B306291,FD52B306291-6,6,BA01A0103,葡萄糖-佳質,公斤,1.33,100,,
FD52B306291,FD52B306291-7,7,M301,----------合計----------,公斤,1.56,100,,
FD52B306291,FD52B306291-8,8,M011,----------空白1,一,,100,,
FD52B306291,FD52B306291-9,9,M002,香料-2,一,,100,,
FD52B306291,FD52B306291-10,10,BA01G0202-4,FDA證-食用色素黃色5號,克,363.03,100,,
FD52B306291,FD52B306291-11,11,BA01B0301-1,二矽-1-佳質,克,117.5,100,,
FD52B306291,FD52B306291-12,12,M202,----------仔細混合----------,次,,100,,
FD52B306291,FD52B306291-13,13,M302,----------合計----------,公斤,0.52,100,,
FD52B307291,FD52B307291-1,1,M001,香料-1,一,,100,,2024/07/26
FD52B307291,FD52B307291-2,2,BA01F0304,抹茶香料-5158,克,119.33,100,,
FD52B307291,FD52B307291-3,3,BA01G0001,PG,克,517.87,100,,
FD52B307291,FD52B307291-4,4,BA01G0201,100-黃Y#4,克,38.43,100,,
FD52B307291,FD52B307291-5,5,BA01G0301-1,10-藍B#1,克,46.93,100,,
FD52B307291,FD52B307291-6,6,M103,----------泡30分鐘----------,次,,100,,
FD52B307291,FD52B307291-7,7,BA01B0301,二矽,克,519.98,100,,
FD52B307291,FD52B307291-8,8,M201,----------仔細混合----------,次,,100,,
FD52B307291,FD52B307291-9,9,BA01A0103,葡萄糖,公斤,3.49,100,,
FD52B307291,FD52B307291-10,10,M301,----------合計----------,公斤,5.72,100,,
FD52B307292,FD52B307292-1,1,M001,香料-1,一,,100,,2025/02/04
FD52B307292,FD52B307292-2,2,BA01F0304,抹茶香料-5158,克,8.45,100,,
FD52B307292,FD52B307292-3,3,BA01B0301,二矽,克,10.69,100,,
FD52B307292,FD52B307292-4,4,M201,----------仔細混合----------,次,,100,,
FD52B307292,FD52B307292-5,5,BA01A0103,葡萄糖,公斤,0.07,100,,
FD52B307292,FD52B307292-6,6,M301,----------合計----------,公斤,0.11,100,,
FD52B307292,FD52B307292-7,7,M011,----------空白1,一,,100,,
FD52B307292,FD52B307292-8,8,M002,香料-2,一,,100,,
FD52B307292,FD52B307292-9,9,BA01G0001,PG,克,228.02,100,,
FD52B307292,FD52B307292-10,10,BA01G0201,100-黃Y#4,克,34.46,100,,
FD52B307292,FD52B307292-11,11,BA01G0301-1,10-藍B#1,克,9.57,100,,
FD52B307292,FD52B307292-12,12,M103,----------泡30分鐘----------,次,,100,,
FD52B307292,FD52B307292-13,13,BA01B0301-1,二矽-1-佳質,克,239.78,100,,
FD52B307292,FD52B307292-14,14,M202,----------仔細混合----------,次,,100,,
FD52B307292,FD52B307292-15,15,BA01A0103-1,葡萄糖-1-佳質,公斤,1.23,100,,
FD52B307292,FD52B307292-16,16,M302,----------合計----------,公斤,2.11,100,,
FD52C302291,FD52C302291-1,1,BA01F0209,椰奶香料307702W,克,116.87,100,,2024/07/26
FD52C302291,FD52C302291-2,2,BA01B0301,二矽,克,152.05,100,,
FD52C302291,FD52C302291-3,3,M201,----------仔細混合----------,次,,100,,
FD52C302291,FD52C302291-4,4,BA01A0103,葡萄糖,公斤,1.19,100,,
FD52C302291,FD52C302291-5,5,M301,----------合計----------,公斤,1.48,100,,
FD52D2041,FD52D2041-1,1,BA01G0001,PG,克,570.03,100,,2022/09/02
FD52D2041,FD52D2041-2,2,BA01F0610,蘇打香料TK-S230,克,499.06,100,,
FD52D2041,FD52D2041-3,3,BA01G0301-1,10-藍B#1,克,205.86,100,,
FD52D2041,FD52D2041-4,4,M102,----------泡20分鐘----------,次,,100,,
FD52D2041,FD52D2041-5,5,BA01B0301,二矽,克,792.8,100,,
FD52D2041,FD52D2041-6,6,M202,----------仔細混合----------,次,,100,,
FD52D2041,FD52D2041-7,7,BA01A0103,葡萄糖-佳質,公斤,7.23,100,,
FD52D2041,FD52D2041-8,8,M301,----------合計----------,公斤,8.32,100,,
FD52D2051,FD52D2051-1,1,M001,香料-1,一,,100,,2022/11/02
FD52D2051,FD52D2051-2,2,BA01F0521-2,百香果香料 003430W,克,628.76,100,,
FD52D2051,FD52D2051-3,3,BA01B0301,二矽,克,1227.36,100,,
FD52D2051,FD52D2051-4,4,M201,----------仔細混合----------,次,,100,,
FD52D2051,FD52D2051-5,5,BA01A0103,葡萄糖,公斤,5.73,100,,
FD52D2051,FD52D2051-6,6,M301,----------合計----------,公斤,6.53,100,,
FD52D2051,FD52D2051-7,7,M011,----------空白1,一,,100,,
FD52D2051,FD52D2051-8,8,M002,香料-2,一,,100,,
FD52D2051,FD52D2051-9,9,BA01G0001,PG,克,94.06,100,,
FD52D2051,FD52D2051-10,10,BA01G0201,100-黃Y#4,克,12.58,100,,
FD52D2051,FD52D2051-11,11,BA01G0202-4,FDA證-食用色素黃色5號,克,4.02,100,,
FD52D2051,FD52D2051-12,12,M103,----------泡30分鐘----------,次,,100,,
FD52D2051,FD52D2051-13,13,BA01B0301-1,二矽,克,103.29,100,,
FD52D2051,FD52D2051-14,14,M203,----------仔細混合----------,次,,100,,
FD52D2051,FD52D2051-15,15,BA01A0103-1,葡萄糖,公斤,0.45,100,,
FD52D2051,FD52D2051-16,16,M302,----------合計----------,公斤,0.57,100,,
FD52D2051,FD52D2051-17,17,M012,----------空白2,一,,100,,
FD52D2051,FD52D2051-18,18,M021,膠類-1,一,,100,,
FD52D2051,FD52D2051-19,19,BA01B0205-1,關華豆膠S200,克,919.81,100,,
FD52D2071,FD52D2071-1,1,M001,香料-1,一,,100,,2023/01/05
FD52D2071,FD52D2071-2,2,BA01F0611,香蘭香料SM-216060,克,378.18,100,,
FD52D2071,FD52D2071-3,3,BA01G0201,100-黃Y#4,克,75.93,100,,
FD52D2071,FD52D2071-4,4,M102,----------泡20分鐘----------,次,,100,,
FD52D2071,FD52D2071-5,5,BA01B0301,二矽,克,338.7,100,,
FD52D2071,FD52D2071-6,6,M201,----------仔細混合----------,次,,100,,
FD52D2071,FD52D2071-7,7,BA01A0103,葡萄糖,公斤,3.12,100,,
FD52D2071,FD52D2071-8,8,M301,----------合計----------,公斤,4.21,100,,
FD52D2071,FD52D2071-9,9,M011,----------空白1,一,,100,,
FD52D2071,FD52D2071-10,10,M002,香料-2,一,,100,,
FD52D2071,FD52D2071-11,11,BA01F0209,椰奶香料307702W,克,362.98,100,,
FD52D2071,FD52D2071-12,12,BA01G0301,100-藍B#1,克,6.02,100,,
FD52D2071,FD52D2071-13,13,M102-1,----------泡20分鐘----------,次,,100,,
FD52D2071,FD52D2071-14,14,BA01B0301-1,二矽-1-佳質,克,262.25,100,,
FD52D2071,FD52D2071-15,15,M202,----------仔細混合----------,次,,100,,
FD52D2071,FD52D2071-16,16,BA01A0103-1,葡萄糖-1-佳質,公斤,2.52,100,,
FD52D2071,FD52D2071-17,17,M302,----------合計----------,公斤,2.27,100,,
FD52D209112,FD52D209112-1,1,M001,香料-1,一,,100,,2023/11/06
FD52D209112,FD52D209112-2,2,BA01G0001,PG,克,429.44,100,,
FD52D209112,FD52D209112-3,3,BA01G0102-3,FDA-食用色素紅色40號,克,67.41,100,,
FD52D209112,FD52D209112-4,4,BA01G0202-4,FDA證-食用色素黃色5號,克,3.68,100,,
FD52D209112,FD52D209112-5,5,M104,----------泡隔夜----------,次,,100,,
FD52D209112,FD52D209112-6,6,BA01B0301,二矽,克,564.88,100,,
FD52D209112,FD52D209112-7,7,M201,----------仔細混合----------,次,,100,,
FD52D209112,FD52D209112-8,8,BA01A0103,葡萄糖,公斤,5.03,100,,
FD52D209112,FD52D209112-9,9,M301,----------合計----------,公斤,6.02,100,,
FD52D209112,FD52D209112-10,10,M011,----------空白1,一,,100,,
FD52D209112,FD52D209112-11,11,M002,香料-2,一,,100,,
FD52D209112,FD52D209112-12,12,BA01F0510-2,西瓜香料-025756Z1,克,374.48,100,,
FD52D209112,FD52D209112-13,13,BA01B0301-1,二矽,克,440.82,100,,
FD52D209112,FD52D209112-14,14,M202,----------仔細混合----------,次,,100,,
FD52D209112,FD52D209112-15,15,BA01A0103-1,葡萄糖,公斤,4.96,100,,
FD52D209112,FD52D209112-16,16,M302,----------合計----------,公斤,3.62,100,,
FD52D210292,FD52D210292-1,1,M001,香料-1,一,,100,,2025/02/04
FD52D210292,FD52D210292-2,2,BA01F0506-1,芋頭香料-422474,克,200.05,100,,
FD52D210292,FD52D210292-3,3,BA01F0506-4,芋頭香料-SR688,克,62.51,100,,
FD52D210292,FD52D210292-4,4,BA01G0103,100-紅R#7,克,5.66,100,,
FD52D210292,FD52D210292-5,5,BA01G0102-3,FDA-食用色素紅色40號,克,21.34,100,,
FD52D210292,FD52D210292-6,6,M104,----------泡隔夜----------,次,,100,,
FD52D210292,FD52D210292-7,7,BA01B0301,二矽-佳質,克,306.97,100,,
FD52D210292,FD52D210292-8,8,M201,----------仔細混合----------,次,,100,,
FD52D210292,FD52D210292-9,9,BA01A0103,葡萄糖-佳質,公斤,1.65,100,,
FD52D210292,FD52D210292-10,10,M301,----------合計----------,公斤,2.36,100,,
FD52D210292,FD52D210292-11,11,M011,----------空白1,一,,100,,
FD52D210292,FD52D210292-12,12,M002,香料-2,一,,100,,
FD52D210292,FD52D210292-13,13,BA01F0611,香蘭香料SM-216060,克,68.81,100,,
FD52D210292,FD52D210292-14,14,BA01G0301,100-藍B#1,克,6.35,100,,
FD52D210292,FD52D210292-15,15,M103,----------泡30分鐘----------,次,,100,,
FD52D210292,FD52D210292-16,16,BA01B0301-1,二矽-1-佳質,克,49.12,100,,
FD52D210292,FD52D210292-17,17,M202,----------仔細混合----------,次,,100,,
FD52D210292,FD52D210292-18,18,BA01A0103-1,葡萄糖-1-佳質,公斤,0.53,100,,
FD52D210292,FD52D210292-19,19,M302,----------合計----------,公斤,0.71,100,,
FD52D210292,FD52D210292-20,20,M012,----------空白2,一,,100,,
FD52D210292,FD52D210292-21,21,M003,香料-3,一,,100,,
FD52D210292,FD52D210292-22,22,BA01G0301-6,1-FDA藍B#1,克,107.1,100,,
FD52D210292,FD52D210292-23,23,M303,----------合計----------,公斤,0.12,100,,
FD52D210292,FD52D210292-24,24,M013,----------空白3,一,,100,,
FD52D210292,FD52D210292-25,25,M021,膠類-1,一,,100,,
FD52D210292,FD52D210292-26,26,BA01B0205-1,關華豆膠S200,克,726.84,100,,
FD52D210292,FD52D210292-27,27,M304,----------合計----------,克,0.54,100,,
FD59Z2011,FD59Z2011-1,1,M001,香料-1,一,,100,,
FD59Z2011,FD59Z2011-2,2,BA01F0106,巧克力香精-Y85S,克,323.75,100,,
FD59Z2011,FD59Z2011-3,3,BA01B0301,二矽-佳質,克,380.67,100,,
FD59Z2011,FD59Z2011-4,4,M201,----------仔細混合----------,次,,100,,
FD59Z2011,FD59Z2011-5,5,BA01A0103,葡萄糖-佳質,克,2065.54,100,,
FD59Z2011,FD59Z2011-6,6,M302,----------合計----------,公斤,3.21,100,,
FD59Z2011,FD59Z2011-7,7,M011,----------空白1,一,,100,,
FD59Z2011,FD59Z2011-8,8,M021,膠類-1,一,,100,,
FD59Z2011,FD59Z2011-9,9,BA01B0207,霜淇淋安定劑,克,1706.15,100,,
FD59Z2011,FD59Z2011-10,10,BA01B0209-1,脂肪酸甘油酯(乳化劑S),克,186.73,100,,
FD59Z2011,FD59Z2011-11,11,BA01B0208,硬脂酸蔗糖酯S1570,克,37.92,100,,
FD59Z2011,FD59Z2011-12,12,M303,----------合計----------,克,1787.3,100,,
FD59Z2021,FD59Z2021-1,1,M001,香料-1,一,,100,,
FD59Z2021,FD59Z2021-2,2,BA01F0205,鮮奶香料-94834/10X,克,13.46,100,,
FD59Z2021,FD59Z2021-3,3,BA01B0301,二矽-佳質,克,16.01,100,,
FD59Z2021,FD59Z2021-4,4,M201,----------仔細混合----------,次,,100,,
FD59Z2021,FD59Z2021-5,5,BA01A0103,葡萄糖-佳質,克,80.53,100,,
FD59Z2021,FD59Z2021-6,6,M301,----------合計----------,公斤,0.17,100,,
FD59Z2021,FD59Z2021-7,7,M011,----------空白1,一,,100,,
FD59Z2021,FD59Z2021-8,8,M002,香料-2,一,,100,,
FD59Z2021,FD59Z2021-9,9,BA01F0213,牛奶香料-SN768847,克,340.96,100,,
FD59Z2021,FD59Z2021-10,10,BA01B0301-1,二矽-1-佳質,克,370.11,100,,
FD59Z2021,FD59Z2021-11,11,M202,----------仔細混合----------,次,,100,,
FD59Z2021,FD59Z2021-12,12,BA01A0103-1,葡萄糖-1-佳質,公斤,2.81,100,,
FD59Z2021,FD59Z2021-13,13,M302,----------合計----------,公斤,3.38,100,,
FD59Z2021,FD59Z2021-14,14,M012,----------空白2,一,,100,,
FD59Z2021,FD59Z2021-15,15,M003,香料-3,一,,100,,
FD59Z2021,FD59Z2021-16,16,BA01F0112,香草香精FW81688(B),克,99.12,100,,
FD59Z2021,FD59Z2021-17,17,BA01B0301-21,二矽-2-佳質,克,111.34,100,,
FD59Z2021,FD59Z2021-18,18,M203,----------仔細混合----------,次,,100,,
FD59Z2021,FD59Z2021-19,19,BA01A0103-21,葡萄糖-2-佳質,公斤,0.98,100,,
FD59Z2021,FD59Z2021-20,20,M303,----------合計----------,公斤,1.21,100,,
FD59Z2021,FD59Z2021-21,21,M013,----------空白3,一,,100,,
FD59Z2021,FD59Z2021-22,22,M021,膠類-1,一,,100,,
FD59Z2021,FD59Z2021-23,23,BA01B0207,霜淇淋安定劑,公斤,2.4,100,,
FD59Z2021,FD59Z2021-24,24,BA01B0209-1,脂肪酸甘油酯(乳化劑S),克,386.51,100,,
FD59Z2021,FD59Z2021-25,25,BA01B0208,硬脂酸蔗糖酯S1570,克,46.31,100,,
FD59Z2021,FD59Z2021-26,26,M304,----------合計----------,公斤,2.53,100,,
FD72B3011,FD72B3011-1,1,M001,香料-1,一,,100,,2022/10/13
FD72B3011,FD72B3011-2,2,BA01F0212-1,煉乳香料5465T-04,克,45.48,100,,
FD72B3011,FD72B3011-3,3,BA01F0205,鮮奶香料-94834/10X,克,40.95,100,,
FD72B3011,FD72B3011-4,4,BA01B0301,二矽-佳質,克,72.38,100,,
FD72B3011,FD72B3011-5,5,M201,----------仔細混合----------,次,,100,,
FD72B3011,FD72B3011-6,6,BA01A0103,葡萄糖-佳質,公斤,0.56,100,,
FD72B3011,FD72B3011-7,7,M301,----------合計----------,公斤,1.22,100,,
FD72B3011,FD72B3011-8,8,M011,----------空白1,一,,100,,
FD72B3011,FD72B3011-9,9,M002,香料-2,一,,100,,
FD72B3011,FD72B3011-10,10,BA01F0307,茶香料AR-820552,克,181.36,100,,
FD72B3011,FD72B3011-11,11,BA01B0301-1,二矽-1-佳質,克,153.19,100,,
FD72B3011,FD72B3011-12,12,M202,----------仔細混合----------,次,,100,,
FD72B3011,FD72B3011-13,13,BA01A0103-1,葡萄糖-1-佳質,公斤,1.04,100,,
FD72B3011,FD72B3011-14,14,M302,----------合計----------,公斤,1.38,100,,
FD72B3011,FD72B3011-15,15,M012,----------空白2,一,,100,,
FD72B3011,FD72B3011-16,16,M003,香料-3,一,,100,,
FD72B3011,FD72B3011-17,17,BA01F0103,香草粉,公斤,0.65,100,,
FD72B3011,FD72B3011-18,18,M013,----------空白3,一,,100,,
FD72B3011,FD72B3011-19,19,M021,膠類-1,一,,100,,
FD72B3011,FD72B3011-20,20,BA01B0205-1,關華豆膠S200,公斤,0.29,100,,
FD72B3011,FD72B3011-21,21,M304,----------合計----------,公斤,0.4,100,,
FD75B6011,FD75B6011-1,1,M001,香料-1,一,,100,,
FD75B6011,FD75B6011-2,2,BA01F0205,鮮奶香料-94834/10X,克,25.08,100,,
FD75B6011,FD75B6011-3,3,BA01F0307,茶香料AR-820552,克,180.83,100,,
FD75B6011,FD75B6011-4,4,BA01B0301,二矽,克,203.97,100,,
FD75B6011,FD75B6011-5,5,M201,----------仔細混合----------,次,,100,,
FD75B6011,FD75B6011-6,6,BA01A0103,葡萄糖,公斤,1.45,100,,
FD75B6011,FD75B6011-7,7,M301,----------合計----------,公斤,1.5,100,,
FD75B6011,FD75B6011-8,8,M011,----------空白1,一,,100,,
FD75B6011,FD75B6011-9,9,M002,香料-2,一,,100,,
FD75B6011,FD75B6011-10,10,BA01F0106,巧克力香精-Y85S,克,18.15,100,,
FD75B6011,FD75B6011-11,11,BA01B0301-1,二矽,克,18.31,100,,
FD75B6011,FD75B6011-12,12,M202,----------仔細混合----------,次,,100,,
FD75B6011,FD75B6011-13,13,BA01A0103-1,葡萄糖,克,158.32,100,,
FD75B6011,FD75B6011-14,14,M302,----------合計----------,公斤,0.13,100,,
FD75B6042,FD75B6042-1,1,M001,香料-1,一,,100,,
FD75B6042,FD75B6042-2,2,BA01F0308,紅茶香料-TM 06,克,91.82,100,,
FD75B6042,FD75B6042-3,3,BA01G0301-6,1-FDA藍B#1,克,14.32,100,,
FD75B6042,FD75B6042-4,4,M102,----------泡20分鐘----------,次,,100,,
FD75B6042,FD75B6042-5,5,BA01B0301,二矽,克,155,100,,
FD75B6042,FD75B6042-6,6,M201,----------仔細混合----------,次,,100,,
FD75B6042,FD75B6042-7,7,BA01A0103,葡萄糖,公斤,0.88,100,,
FD75B6042,FD75B6042-8,8,M301,----------合計----------,公斤,1.42,100,,
FD75B6042,FD75B6042-9,9,M011,----------空白1,一,,100,,
FD75B6042,FD75B6042-10,10,M021,膠類-1,一,,100,,
FD75B6042,FD75B6042-11,11,BA01B0205-1,關華豆膠S200,公斤,0.74,100,,
FD75B6052,FD75B6052-1,1,M001,香料-1,一,,100,,
FD75B6052,FD75B6052-2,2,BA01F0506-1,芋頭香料-422474,克,59.92,100,,
FD75B6052,FD75B6052-3,3,BA01F0506-10,芋頭香料 901460JW,克,240.16,100,,
FD75B6052,FD75B6052-4,4,BA01F0209,椰奶香料307702W,克,59.72,100,,
FD75B6052,FD75B6052-5,5,BA01B0301,二矽-佳質,克,552.91,100,,
FD75B6052,FD75B6052-6,6,M201,----------仔細混合----------,次,,100,,
FD75B6052,FD75B6052-7,7,BA01A0103,葡萄糖,公斤,3.23,100,,
FD75B6052,FD75B6052-8,8,M301,----------合計----------,公斤,4.23,100,,
FD75B6052,FD75B6052-9,9,M011,----------空白1,一,,100,,
FD75B6052,FD75B6052-10,10,M002,香料-2,一,,100,,
FD75B6052,FD75B6052-11,11,BA01G0001,PG,克,28.5,100,,
FD75B6052,FD75B6052-12,12,BA01G0301,100-藍B#1,克,2.19,100,,
FD75B6052,FD75B6052-13,13,M103,----------泡30分鐘----------,次,,100,,
FD75B6052,FD75B6052-14,14,BA01B0301-1,二矽-1-佳質,克,24.06,100,,
FD75B6052,FD75B6052-15,15,M202,----------仔細混合----------,次,,100,,
FD75B6052,FD75B6052-16,16,BA01A0103-1,葡萄糖,公斤,0.23,100,,
FD75B6052,FD75B6052-17,17,M302,----------合計----------,公斤,0.34,100,,
FD75B6052,FD75B6052-18,18,M012,----------空白2,一,,100,,
FD75B6052,FD75B6052-19,19,M003,香料-3,一,,100,,
FD75B6052,FD75B6052-20,20,BA01G0001-1,PG-1,克,91.88,100,,
FD75B6052,FD75B6052-21,21,BA01G0102-3,FDA-食用色素紅色40號,克,6.69,100,,
FD75B6052,FD75B6052-22,22,M104,----------泡隔夜----------,次,,100,,
FD75B6052,FD75B6052-23,23,BA01B0301-21,二矽-2-佳質,克,105.24,100,,
FD75B6052,FD75B6052-24,24,M203,----------仔細混合----------,次,,100,,
FD75B6052,FD75B6052-25,25,BA01A0103-21,葡萄糖-2-佳質,公斤,0.86,100,,
FD75B6052,FD75B6052-26,26,M303,----------合計----------,公斤,1.3,100,,
FD75B6052,FD75B6052-27,27,M013,----------空白3,一,,100,,
FD75B6052,FD75B6052-28,28,M004,香料-4,一,,100,,
FD75B6052,FD75B6052-29,29,BA01G0301-6,1-FDA藍B#1,克,82.51,100,,
FD75B6052,FD75B6052-30,30,BA01G0102-5,1-FDA紅R#40,克,162.35,100,,
FD75B6052,FD75B6052-31,31,M304,----------合計----------,公斤,0.24,100,,
FD75B6052,FD75B6052-32,32,M014,----------空白4,一,,100,,
FD75B6052,FD75B6052-33,33,M021,膠類-1,一,,100,,
FD75B6052,FD75B6052-34,34,BA01B0205-1,關華豆膠S200,克,893.74,100,,
FD75B6061,FD75B6061-1,1,BA01F0101,黑糖香料-52585,克,133.39,100,,2022/09/01
FD75B6061,FD75B6061-2,2,BA01B0301,二矽,克,167.92,100,,
FD75B6061,FD75B6061-3,3,M201,----------仔細混合----------,次,,100,,
FD75B6061,FD75B6061-4,4,BA01A0103,葡萄糖,公斤,1.15,100,,
FD75B6061,FD75B6061-5,5,M301,----------合計----------,公斤,1.46,100,,
FD75B6071,FD75B6071-1,1,BA01F0307,茶香料AR-820552,克,49.66,100,,2022/09/01
FD75B6071,FD75B6071-2,2,BA01F0311,茶香料TK-02255,克,24.9,100,,
FD75B6071,FD75B6071-3,3,BA01B0301,二矽,克,65.8,100,,
FD75B6071,FD75B6071-4,4,M201,----------仔細混合----------,次,,100,,
FD75B6071,FD75B6071-5,5,BA01A0103,葡萄糖-佳質,公斤,0.55,100,,
FD75B6071,FD75B6071-6,6,M301,----------合計----------,公斤,0.75,100,,
FD75B6081,FD75B6081-1,1,M001,香料-1,一,,100,,2022/12/26
FD75B6081,FD75B6081-2,2,BA01F0304,抹茶香料-5158,克,74.33,100,,
FD75B6081,FD75B6081-3,3,BA01G0201-1,10-黃Y#4,克,12.97,100,,
FD75B6081,FD75B6081-4,4,BA01G0301-1,10-藍B#1,克,2.57,100,,
FD75B6081,FD75B6081-5,5,M102,----------泡20分鐘----------,次,,100,,
FD75B6081,FD75B6081-6,6,BA01B0301,二矽,克,101.26,100,,
FD75B6081,FD75B6081-7,7,M201,----------仔細混合----------,次,,100,,
FD75B6081,FD75B6081-8,8,BA01A0103,葡萄糖,公斤,0.7,100,,
FD75B6081,FD75B6081-9,9,M301,----------合計----------,公斤,1.27,100,,
FD75B6081,FD75B6081-10,10,M011,----------空白1,一,,100,,
FD75B6081,FD75B6081-11,11,M021,膠類-1,一,,100,,
FD75B6081,FD75B6081-12,12,BA01B0205-1,關華豆膠S200,克,287.75,100,,
FD83D3011,FD83D3011-1,1,BA01B0205-1,關華豆膠S200,克,283.39,100,,2023/03/01
FD83D3011,FD83D3011-2,2,M301,----------合計----------,公斤,0.2,100,,
FD83Z2011,FD83Z2011-1,1,M001,香料-1,一,,100,,2023/12/18
FD83Z2011,FD83Z2011-2,2,BA01F0611,香蘭香料SM-216060,克,14.36,100,,
FD83Z2011,FD83Z2011-3,3,BA01B0301,二矽-佳質,克,18.35,100,,
FD83Z2011,FD83Z2011-4,4,M201,----------仔細混合----------,次,,100,,
FD83Z2011,FD83Z2011-5,5,BA01A0103,葡萄糖-佳質,公斤,0.14,100,,
FD83Z2011,FD83Z2011-6,6,M301,----------合計----------,公斤,0.15,100,,
FD83Z2011,FD83Z2011-7,7,M011,----------空白1,一,,100,,
FD83Z2011,FD83Z2011-8,8,M002,香料-2,一,,100,,
FD83Z2011,FD83Z2011-9,9,BA01F0208,牛奶香料-810447THBH,克,18.94,100,,
FD83Z2011,FD83Z2011-10,10,BA01F0205,鮮奶香料-94834/10X,克,18.45,100,,
FD83Z2011,FD83Z2011-11,11,BA01B0301-1,二矽-1-佳質,克,46.76,100,,
FD83Z2011,FD83Z2011-12,12,M202,----------仔細混合----------,次,,100,,
FD83Z2011,FD83Z2011-13,13,BA01A0103-1,葡萄糖-1-佳質,公斤,0.32,100,,
FD83Z2011,FD83Z2011-14,14,M302,----------合計----------,公斤,0.38,100,,
FD83Z2011,FD83Z2011-15,15,M012,----------空白2,一,,100,,
FD83Z2011,FD83Z2011-16,16,M003,香料-3,一,,100,,
FD83Z2011,FD83Z2011-17,17,BA01F0103,香草粉,克,1026.57,100,,
FD83Z2011,FD83Z2011-18,18,M303,----------合計----------,公斤,0.94,100,,
FD83Z2011,FD83Z2011-19,19,M013,----------空白3,一,,100,,
FD83Z2011,FD83Z2011-20,20,M021,膠類-1,一,,100,,
FD83Z2011,FD83Z2011-21,21,BA01B0207,霜淇淋安定劑,克,2769.25,100,,
FD83Z2011,FD83Z2011-22,22,BA01B0209-1,脂肪酸甘油酯(乳化劑S),克,246.71,100,,
FD83Z2011,FD83Z2011-23,23,BA01B0208,硬脂酸蔗糖酯S1570,克,44.92,100,,
FD83Z2011,FD83Z2011-24,24,BA01B0206,CMC-粘精,克,174.69,100,,
FD83Z2011,FD83Z2011-25,25,M304,----------合計----------,公斤,3.21,100,,
FD83Z2021,FD83Z2021-1,1,M001,香料-1,一,,100,,2024/03/14
FD83Z2021,FD83Z2021-2,2,BA01F0106,巧克力香精-Y85S,克,221.34,100,,
FD83Z2021,FD83Z2021-3,3,BA01B0301,二矽-佳質,克,189.7,100,,
FD83Z2021,FD83Z2021-4,4,M201,----------仔細混合----------,次,,100,,
FD83Z2021,FD83Z2021-5,5,BA01A0103,葡萄糖-佳質,公斤,1.55,100,,
FD83Z2021,FD83Z2021-6,6,M302,----------合計----------,公斤,1.44,100,,
FD83Z2021,FD83Z2021-7,7,M011,----------空白1,一,,100,,
FD83Z2021,FD83Z2021-8,8,M021,膠類-1,一,,100,,
FD83Z2021,FD83Z2021-9,9,BA01B0207,霜淇淋安定劑,克,1631.48,100,,
FD83Z2021,FD83Z2021-10,10,BA01B0209-1,脂肪酸甘油酯(乳化劑S),克,379.43,100,,
FD83Z2021,FD83Z2021-11,11,BA01B0208,硬脂酸蔗糖酯S1570,克,37.78,100,,
FD83Z2021,FD83Z2021-12,12,BA01B0206,CMC-粘精,克,173.7,100,,
FD83Z2021,FD83Z2021-13,13,M303,----------合計----------,公斤,3.05,100,,
FD83Z2031,FD83Z2031-1,1,M001,香料-1,一,,100,,2024/09/04
FD83Z2031,FD83Z2031-2,2,BA01F0307,茶香料AR-820552,克,35.35,100,,
FD83Z2031,FD83Z2031-3,3,BA01B0301,二矽-佳質,克,28.04,100,,
FD83Z2031,FD83Z2031-4,4,M201,----------仔細混合----------,次,,100,,
FD83Z2031,FD83Z2031-5,5,BA01A0103,葡萄糖-佳質,公斤,0.26,100,,
FD83Z2031,FD83Z2031-6,6,M302,----------合計----------,公斤,0.37,100,,
FD83Z2031,FD83Z2031-7,7,M011,----------空白1,一,,100,,
FD83Z2031,FD83Z2031-8,8,M021,膠類-1,一,,100,,
FD83Z2031,FD83Z2031-9,9,BA01B0207,霜淇淋安定劑,克,2853.7,100,,
FD83Z2031,FD83Z2031-10,10,BA01B0209-1,脂肪酸甘油酯(乳化劑S),克,280.31,100,,
FD83Z2031,FD83Z2031-11,11,BA01B0208,硬脂酸蔗糖酯S1570,克,53.31,100,,
FD83Z2031,FD83Z2031-12,12,BA01B0206,CMC-粘精,克,172.4,100,,
FD83Z2031,FD83Z2031-13,13,M303,----------合計----------,公斤,2.25,100,,
FD83Z2041,FD83Z2041-1,1,M001,香料-1,一,,100,,2024/10/15
FD83Z2041,FD83Z2041-2,2,BA01F0513-1,荔枝香料-8108,克,340.75,100,,
FD83Z2041,FD83Z2041-3,3,BA01G0101-1,10-紅R#6,克,43.35,100,,
FD83Z2041,FD83Z2041-4,4,M103-1,----------泡30分鐘----------,次,,100,,
FD83Z2041,FD83Z2041-5,5,BA01B0301,二矽-佳質,克,599.32,100,,
FD83Z2041,FD83Z2041-6,6,M201,----------仔細混合----------,次,,100,,
FD83Z2041,FD83Z2041-7,7,BA01A0103,葡萄糖-佳質,公斤,2.68,100,,
FD83Z2041,FD83Z2041-8,8,M301,----------合計----------,公斤,2.51,100,,
FD83Z2041,FD83Z2041-9,9,M011,----------空白1,一,,100,,
FD83Z2041,FD83Z2041-10,10,M002,香料-2,一,,100,,
FD83Z2041,FD83Z2041-11,11,BA01F0601-1,玫瑰香料-ROSE678020,克,28.45,100,,
FD83Z2041,FD83Z2041-12,12,BA01B0301-1,二矽-1-佳質,克,29.31,100,,
FD83Z2041,FD83Z2041-13,13,M202,----------仔細混合----------,次,,100,,
FD83Z2041,FD83Z2041-14,14,BA01A0103-1,葡萄糖-1-佳質,公斤,0.38,100,,
FD83Z2041,FD83Z2041-15,15,M302,----------合計----------,公斤,0.4,100,,
FD83Z2041,FD83Z2041-16,16,M012,----------空白2,一,,100,,
FD83Z2041,FD83Z2041-17,17,M021,膠類-1,一,,100,,
FD83Z2041,FD83Z2041-18,18,BA01B0207,霜淇淋安定劑,克,1960.8,100,,
FD83Z2041,FD83Z2041-19,19,BA01B0209-1,脂肪酸甘油酯(乳化劑S),克,320.95,100,,
FD83Z2041,FD83Z2041-20,20,BA01B0208,硬脂酸蔗糖酯S1570,克,39.37,100,,
FD83Z2041,FD83Z2041-21,21,BA01B0206,CMC-粘精,克,188.9,100,,
FD83Z2041,FD83Z2041-22,22,M304,----------合計----------,公斤,2,100,,
FD87B3011,FD87B3011-1,1,M001,香料-1,一,,100,,2023/03/29
FD87B3011,FD87B3011-2,2,BA01F0112,香草香精FW81688(B),克,4.76,100,,
FD87B3011,FD87B3011-3,3,BA01F0308,紅茶香料-TM 06,克,27.76,100,,
FD87B3011,FD87B3011-4,4,BA01B0301,二矽-佳質,克,39.01,100,,
FD87B3011,FD87B3011-5,5,M201,----------仔細混合----------,次,,100,,
FD87B3011,FD87B3011-6,6,BA01A0103,葡萄糖-佳質,公斤,0.22,100,,
FD87B3011,FD87B3011-7,7,M301,----------合計----------,公斤,0.33,100,,
FD87B3011,FD87B3011-8,8,M011,----------空白1,一,,100,,
FD87B3011,FD87B3011-9,9,M002,香料-2,一,,100,,
FD87B3011,FD87B3011-10,10,BA01G0202-4,FDA證-食用色素黃色5號,克,339.66,100,,
FD87B3011,FD87B3011-11,11,BA01B0301-1,二矽-1-佳質,克,99.94,100,,
FD87B3011,FD87B3011-12,12,M202,----------仔細混合----------,次,,100,,
FD87B3011,FD87B3011-13,13,M302,----------合計----------,公斤,0.74,100,,
FD87B301128,FD87B301128-1,1,M001,香料-1,一,,100,,2023/07/11
FD87B301128,FD87B301128-2,2,BA01F0112,香草香精FW81688(B),克,10.93,100,,
FD87B301128,FD87B301128-3,3,BA01F0308,紅茶香料-TM 06,克,152.47,100,,
FD87B301128,FD87B301128-4,4,BA01B0301,二矽-佳質,克,119.83,100,,
FD87B301128,FD87B301128-5,5,M201,----------仔細混合----------,次,,100,,
FD87B301128,FD87B301128-6,6,BA01A0103,葡萄糖-佳質,公斤,1.21,100,,
FD87B301128,FD87B301128-7,7,M301,----------合計----------,公斤,1.32,100,,
FD87B301128,FD87B301128-8,8,M011,----------空白1,一,,100,,
FD87B301128,FD87B301128-9,9,M002,香料-2,一,,100,,
FD87B301128,FD87B301128-10,10,BA01G0202-4,FDA證-食用色素黃色5號,克,235.88,100,,
FD87B301128,FD87B301128-11,11,BA01B0301-1,二矽-1-佳質,克,2.97,100,,
FD87B301128,FD87B301128-12,12,M202,----------仔細混合----------,次,,100,,
FD87B301128,FD87B301128-13,13,M302,----------合計----------,公斤,0.28,100,,
FD91C3011,FD91C3011-1,1,M001,香料-1,一,,100,,2024/01/31
FD91C3011,FD91C3011-2,2,BA01F0102-1,楓糖香料 WGC041,克,550.59,100,,
FD91C3011,FD91C3011-3,3,BA01F0101,黑糖香料-052585,克,586.51,100,,
FD91C3011,FD91C3011-4,4,BA01G0301-1,10-藍B#1,克,14.52,100,,
FD91C3011,FD91C3011-5,5,BA01G0102-4,10-FDA紅R#40,克,23.13,100,,
FD91C3011,FD91C3011-6,6,BA01G0202-4,FDA證-食用色素黃色5號,克,50.48,100,,
FD91C3011,FD91C3011-7,7,M104,----------泡隔夜----------,次,,100,,
FD91C3011,FD91C3011-8,8,BA01B0301,二矽-佳質,克,1415.22,100,,
FD91C3011,FD91C3011-9,9,M201,----------仔細混合----------,次,,100,,
FD91C3011,FD91C3011-10,10,BA01A0103,葡萄糖-佳質,公斤,11.63,100,,
FD91C3011,FD91C3011-11,11,M301,----------合計----------,公斤,11.76,100,,
FD91C3011,FD91C3011-12,12,M011,----------空白1,一,,100,,
FD91C3011,FD91C3011-13,13,M002,香料-2,一,,100,,
FD91C3011,FD91C3011-14,14,BA01F0205,鮮奶香料-94834/10X,克,56.44,100,,
FD91C3011,FD91C3011-15,15,BA01F0113,海鹽焦糖香料CX-60289,克,314.57,100,,
FD91C3011,FD91C3011-16,16,BA01B0301-1,二矽-1-佳質,克,372.42,100,,
FD91C3011,FD91C3011-17,17,M202,----------仔細混合----------,次,,100,,
FD91C3011,FD91C3011-18,18,BA01A0103-1,葡萄糖-1-佳質,公斤,3.68,100,,
FD91C3011,FD91C3011-19,19,M302,----------合計----------,公斤,2.65,100,,
FD91C3021,FD91C3021-1,1,M001,香料-1,一,,100,,2024/10/17
FD91C3021,FD91C3021-2,2,BA01F0801,榛果香料-298828A,克,9.34,100,,
FD91C3021,FD91C3021-3,3,BA01B0301,二矽-佳質,克,11.82,100,,
FD91C3021,FD91C3021-4,4,M201,----------仔細混合----------,次,,100,,
FD91C3021,FD91C3021-5,5,BA01A0103,葡萄糖-佳質,公斤,0.09,100,,
FD91C3021,FD91C3021-6,6,M301,----------合計----------,公斤,0.1,100,,
FD91C3021,FD91C3021-7,7,M011,----------空白1,一,,100,,
FD91C3021,FD91C3021-8,8,M002,香料-2,一,,100,,
FD91C3021,FD91C3021-9,9,BA01G0001,PG,克,494.72,100,,
FD91C3021,FD91C3021-10,10,BA01G0201,100-黃Y#4,克,50.79,100,,
FD91C3021,FD91C3021-11,11,BA01G0301-1,10-藍B#1,克,17.95,100,,
FD91C3021,FD91C3021-12,12,BA01G0102-4,10-FDA紅R#40,克,73.04,100,,
FD91C3021,FD91C3021-13,13,M104,----------泡隔夜----------,次,,100,,
FD91C3021,FD91C3021-14,14,BA01B0301-1,二矽-1-佳質,克,807.46,100,,
FD91C3021,FD91C3021-15,15,M202,----------仔細混合----------,次,,100,,
FD91C3021,FD91C3021-16,16,BA01A0103-1,葡萄糖-1-佳質,公斤,4.49,100,,
FD91C3021,FD91C3021-17,17,M302,----------合計----------,公斤,7.28,100,,
FD91C3021,FD91C3021-18,18,M012,----------空白2,一,,100,,
FD91C3021,FD91C3021-19,19,BA01B0205-1,關華豆膠S200,克,447.38,100,,
FD91C3021,FD91C3021-20,20,M303,----------合計----------,公斤,0.36,100,,
